student_id,name,age,department,year_of_study,gender,avg_logins,login_trend,login_consistency,min_logins_week,zero_login_weeks,avg_attendance,attendance_trend,attendance_consistency,weeks_below_60pct,avg_submission_delay,max_submission_delay,total_submission_delay,delay_trend,avg_sentiment,sentiment_trend,min_sentiment_week,total_forum_posts,forum_trend,assignments_missed,assignment_completion,late_night_sessions,late_night_rate,risk_score,burnout_risk,disengaged,dropout_probability,dropout_flag,burnout_risk_label
STU1000,Girish Agarwal,23,Civil,2,Female,4.083,-0.213,0.411,1,0,55.417,-0.673,0.197,9,4.5,8,54,0.189,0.444,0.004,0.279,20,-0.091,5,0.583,4,0.333,87.2,High,1,0.423,0,2
STU1001,Swati Pillai,25,Mechanical,3,Female,7.25,-0.059,0.349,4,0,78.767,-1.166,0.134,0,1.667,4,20,-0.119,0.763,0.012,0.621,41,0.031,3,0.75,3,0.25,25.8,Low,0,0.189,0,0
STU1002,Meera Tiwari,20,Business,1,Male,3.667,-0.21,0.336,1,0,59.0,-1.013,0.167,7,2.833,7,34,0.049,0.512,-0.014,0.334,15,-0.115,9,0.25,5,0.417,93.3,High,1,0.492,0,2
STU1003,Girish Banerjee,22,Electronics,1,Male,6.583,-0.143,0.219,5,0,71.483,-1.734,0.152,1,0.833,3,10,0.021,0.715,-0.008,0.539,42,-0.042,1,0.917,2,0.167,21.9,Low,0,0.134,0,0
STU1004,Riya Verma,23,Electronics,3,Male,7.083,-0.094,0.419,2,0,74.775,-2.388,0.151,1,1.25,4,15,-0.059,0.744,-0.005,0.569,57,-0.297,0,1.0,3,0.25,23.2,Low,0,0.066,0,0
STU1005,Siddharth Yadav,18,Civil,1,Other,6.5,-0.056,0.356,3,0,66.283,0.776,0.149,4,1.5,3,18,-0.007,0.672,-0.012,0.474,42,0.091,4,0.667,1,0.083,40.5,Medium,0,0.215,0,1
STU1006,Geeta Reddy,24,Mechanical,4,Female,6.083,-0.045,0.354,1,0,67.933,-1.855,0.129,3,1.833,5,22,0.273,0.563,-0.018,0.387,29,-0.031,3,0.75,1,0.083,42.3,Medium,0,0.223,0,1
STU1007,Suresh Singh,24,Electronics,4,Female,6.083,0.024,0.216,4,0,76.5,-3.142,0.186,2,1.417,4,17,0.017,0.722,-0.006,0.61,48,-0.049,2,0.833,3,0.25,34.1,Medium,0,0.16,0,1
STU1008,Amit Tiwari,24,Civil,4,Female,5.25,-0.101,0.326,3,0,57.8,-0.831,0.224,5,3.417,8,41,-0.045,0.435,-0.009,0.222,26,0.077,5,0.583,5,0.417,67.6,High,1,0.36,0,2
STU1009,Priya Yadav,18,Business,4,Female,7.583,-0.234,0.358,3,0,73.842,-1.393,0.145,1,1.75,5,21,0.311,0.627,0.005,0.378,42,-0.021,2,0.833,2,0.167,29.3,Low,0,0.054,0,0
STU1010,Harish Joshi,18,Electronics,1,Female,3.833,-0.105,0.311,2,0,60.708,-0.176,0.171,5,2.667,8,32,0.294,0.514,-0.008,0.282,30,0.021,4,0.667,3,0.25,60.5,High,0,0.291,0,2
STU1011,Priya Tiwari,18,Civil,3,Male,3.083,-0.122,0.292,2,0,46.35,-0.802,0.272,10,5.667,18,68,0.517,0.366,-0.026,0.101,14,0.14,5,0.583,6,0.5,100.0,High,1,0.54,1,2
STU1012,Manoj Rao,18,Civil,3,Female,6.083,-0.262,0.332,2,0,66.208,-1.799,0.156,3,2.0,6,24,0.07,0.581,0.002,0.378,33,-0.052,6,0.5,4,0.333,56.9,Medium,0,0.301,0,1
STU1013,Amit Rao,24,Computer Science,3,Male,6.5,-0.266,0.325,4,0,65.742,-2.096,0.157,4,1.5,7,18,-0.119,0.626,-0.004,0.529,34,0.154,4,0.667,2,0.167,52.4,Medium,0,0.268,0,1
STU1014,Nisha Chatterjee,24,Business,3,Female,7.083,-0.325,0.415,4,0,71.742,-0.876,0.179,2,1.083,4,13,0.017,0.746,0.002,0.464,36,-0.252,2,0.833,3,0.25,30.8,Medium,0,0.145,0,1
STU1015,Anjali Iyer,19,Computer Science,2,Female,6.083,-0.108,0.267,3,0,62.367,-1.129,0.172,4,2.167,4,26,-0.007,0.572,0.006,0.474,35,-0.101,6,0.5,5,0.417,58.0,Medium,0,0.273,0,1
STU1016,Deepak Mishra,23,Mechanical,3,Female,5.583,-0.052,0.31,3,0,72.583,-0.171,0.139,1,1.0,4,12,-0.077,0.617,0.015,0.439,40,-0.189,4,0.667,1,0.083,28.1,Low,0,0.186,0,0
STU1017,Aditya Pillai,22,Computer Science,2,Male,5.75,-0.01,0.349,2,0,69.708,-3.135,0.205,1,1.083,4,13,-0.01,0.626,-0.004,0.417,40,-0.133,4,0.667,2,0.167,39.1,Medium,0,0.184,0,1
STU1018,Rohan Mehta,25,Computer Science,2,Male,4.667,-0.042,0.264,3,0,57.325,-1.683,0.275,7,4.083,9,49,-0.339,0.463,-0.013,0.077,24,0.0,9,0.25,6,0.5,99.7,High,1,0.504,0,2
STU1019,Kiran Tiwari,25,Electronics,4,Male,4.583,-0.143,0.341,2,0,57.425,-0.846,0.18,6,3.0,7,36,0.238,0.484,-0.016,0.243,25,-0.073,2,0.833,4,0.333,59.7,Medium,1,0.294,0,1
STU1020,Arjun Nair,20,Civil,2,Male,7.667,0.133,0.285,5,0,81.408,-1.398,0.162,1,1.25,4,15,0.129,0.766,0.004,0.617,55,-0.178,0,1.0,1,0.083,17.5,Low,0,0.031,0,0
STU1021,Ishaan Kumar,24,Business,1,Male,3.25,0.08,0.374,1,0,47.6,-1.059,0.161,11,2.917,5,35,-0.094,0.423,-0.033,0.234,31,0.185,6,0.5,6,0.5,99.3,High,1,0.52,1,2
STU1022,Nisha Bhat,20,Computer Science,2,Female,5.75,-0.164,0.372,4,0,70.383,-1.545,0.126,2,1.75,7,21,0.15,0.61,-0.006,0.418,42,-0.056,1,0.917,6,0.5,35.9,Medium,0,0.114,0,1
STU1023,Arjun Tiwari,23,Business,4,Female,3.583,-0.15,0.385,1,0,52.692,-0.258,0.179,9,3.5,7,42,0.399,0.412,0.004,0.241,21,-0.234,8,0.333,3,0.25,99.6,High,1,0.527,1,2
STU1024,Priya Agarwal,23,Computer Science,2,Male,7.833,0.084,0.292,3,0,73.008,0.0,0.137,1,1.667,5,20,0.007,0.717,-0.001,0.556,39,0.045,0,1.0,0,0.0,14.1,Low,0,0.038,0,0
STU1025,Deepak Pillai,20,Mechanical,1,Male,6.833,-0.049,0.215,4,0,65.458,-0.681,0.181,3,1.917,5,23,-0.045,0.591,0.003,0.358,36,0.021,3,0.75,2,0.167,38.6,Medium,0,0.184,0,1
STU1026,Kiran Rao,24,Computer Science,1,Male,7.25,0.283,0.338,3,0,72.717,0.302,0.138,1,1.75,5,21,-0.157,0.7,0.0,0.49,40,-0.077,2,0.833,1,0.083,22.7,Low,0,0.085,0,0
STU1027,Meera Pillai,20,Electronics,1,Female,3.667,-0.112,0.574,1,0,52.467,0.205,0.167,10,4.25,11,51,-0.178,0.412,-0.029,0.233,16,-0.063,5,0.583,4,0.333,94.7,High,1,0.468,1,2
STU1028,Prasad Bhat,25,Civil,4,Female,2.75,-0.122,0.384,1,0,43.767,0.886,0.235,11,4.5,9,54,-0.063,0.272,0.007,0.043,14,-0.035,6,0.5,6,0.5,100.0,High,1,0.576,1,2
STU1029,Nikhil Kumar,19,Mechanical,4,Female,7.083,-0.304,0.368,4,0,78.233,-1.28,0.148,1,0.667,3,8,0.035,0.74,-0.004,0.571,50,-0.028,2,0.833,2,0.167,23.7,Low,0,0.132,0,0
STU1030,Pallavi Kumar,25,Computer Science,3,Female,7.333,-0.014,0.204,5,0,76.333,-0.888,0.172,1,1.0,2,12,0.049,0.728,-0.005,0.588,43,-0.164,1,0.917,2,0.167,17.2,Low,0,0.051,0,0
STU1031,Priya Joshi,21,Business,4,Other,5.25,-0.178,0.232,4,0,58.125,0.15,0.124,7,3.083,6,37,0.094,0.559,-0.013,0.327,35,-0.038,5,0.583,2,0.167,65.1,High,1,0.336,0,2
STU1032,Sneha Pandey,24,Mechanical,1,Female,6.583,0.052,0.314,4,0,72.333,-1.675,0.176,2,2.583,6,31,0.003,0.645,-0.002,0.569,41,-0.059,4,0.667,4,0.333,43.4,Medium,0,0.272,0,1
STU1033,Swati Das,24,Mechanical,1,Male,7.667,-0.175,0.395,4,0,80.375,-2.114,0.173,1,0.667,2,8,-0.07,0.738,-0.006,0.526,53,-0.003,2,0.833,2,0.167,24.6,Low,0,0.119,0,0
STU1034,Rajesh Rao,22,Computer Science,4,Female,8.917,-0.038,0.272,4,0,75.567,-1.099,0.112,0,0.75,3,9,0.101,0.762,0.002,0.457,53,-0.15,2,0.833,2,0.167,18.8,Low,0,0.104,0,0
STU1035,Leela Iyer,18,Mechanical,2,Male,6.583,-0.332,0.286,3,0,72.533,-1.55,0.176,2,0.833,3,10,0.049,0.68,-0.002,0.579,55,-0.08,1,0.917,1,0.083,24.9,Low,0,0.113,0,0
STU1036,Geeta Bhat,21,Business,4,Female,6.25,-0.031,0.274,4,0,63.042,0.137,0.125,3,2.5,7,30,-0.112,0.589,0.001,0.456,27,0.017,6,0.5,4,0.333,53.1,Medium,0,0.248,0,1
STU1037,Ravi Mishra,23,Mechanical,4,Male,5.333,-0.056,0.352,3,0,66.917,0.509,0.169,3,1.75,6,21,-0.157,0.578,0.01,0.356,31,0.045,4,0.667,2,0.167,40.9,Medium,0,0.209,0,1
STU1038,Aditya Reddy,24,Business,1,Female,5.917,-0.185,0.292,3,0,68.3,-1.377,0.157,3,1.417,5,17,-0.08,0.648,0.001,0.43,27,0.003,2,0.833,5,0.417,38.5,Medium,0,0.107,0,1
STU1039,Pooja Dubey,20,Computer Science,3,Female,5.167,-0.028,0.284,3,0,54.658,-1.058,0.212,8,2.833,7,34,-0.182,0.43,-0.015,0.279,27,-0.003,3,0.75,5,0.417,70.0,High,1,0.375,0,2
STU1040,Pallavi Tiwari,21,Civil,1,Female,4.417,-0.164,0.245,3,0,52.133,-2.841,0.306,9,3.0,8,36,0.119,0.482,0.004,0.226,26,-0.091,4,0.667,3,0.25,85.1,High,1,0.455,1,2
STU1041,Kavya Shah,22,Mechanical,3,Female,5.167,0.049,0.377,3,0,64.5,-1.71,0.195,5,2.333,4,28,-0.028,0.572,0.005,0.33,35,-0.129,3,0.75,3,0.25,50.8,Medium,0,0.222,0,1
STU1042,Ishaan Pillai,23,Civil,1,Male,4.583,-0.199,0.301,3,0,56.242,-1.247,0.292,7,2.833,5,34,0.189,0.416,0.008,0.237,26,0.042,6,0.5,6,0.5,79.0,High,1,0.478,0,2
STU1043,Suresh Shah,18,Business,4,Male,3.167,-0.091,0.422,1,0,54.692,-1.955,0.285,8,4.0,7,48,0.259,0.362,0.014,0.135,17,-0.08,7,0.417,5,0.417,100.0,High,1,0.492,1,2
STU1044,Swati Pillai,18,Mechanical,1,Male,5.25,-0.066,0.391,2,0,65.142,-1.339,0.198,4,2.667,4,32,0.091,0.57,-0.009,0.184,30,-0.049,3,0.75,1,0.083,46.6,Medium,0,0.187,0,1
STU1045,Aarav Nair,22,Electronics,1,Male,2.583,-0.087,0.307,2,0,50.117,-1.369,0.29,8,4.0,8,48,-0.252,0.297,-0.013,0.162,13,-0.122,7,0.417,6,0.5,100.0,High,1,0.577,1,2
STU1046,Arjun Yadav,22,Civil,1,Female,7.083,-0.402,0.272,4,0,72.458,-1.456,0.156,1,1.833,3,22,-0.028,0.698,-0.002,0.515,42,0.245,2,0.833,3,0.25,28.0,Low,0,0.101,0,0
STU1047,Aarav Rao,20,Mechanical,4,Male,5.083,-0.052,0.258,4,0,61.042,-1.914,0.279,6,3.083,6,37,0.192,0.615,-0.016,0.334,31,-0.241,5,0.583,5,0.417,69.4,High,0,0.323,0,2
STU1048,Meera Yadav,24,Civil,4,Other,9.0,0.091,0.318,3,0,79.775,-0.916,0.124,0,1.083,4,13,0.157,0.775,0.001,0.651,57,0.038,0,1.0,3,0.25,13.6,Low,0,0.073,0,0
STU1049,Siddharth Banerjee,18,Mechanical,4,Female,8.333,0.028,0.3,3,0,83.892,-1.92,0.141,1,0.417,2,5,-0.01,0.8,-0.017,0.686,53,0.143,2,0.833,3,0.25,23.3,Low,0,0.074,0,0
STU1050,Nikhil Reddy,23,Computer Science,4,Female,5.667,-0.14,0.434,2,0,64.7,-0.106,0.181,4,1.75,4,21,0.255,0.643,0.002,0.451,35,0.038,2,0.833,3,0.25,39.2,Medium,0,0.177,0,1
STU1051,Prasad Singh,21,Civil,3,Male,7.0,0.238,0.328,4,0,66.883,-0.877,0.239,4,0.417,2,5,-0.01,0.671,-0.013,0.514,40,-0.056,0,1.0,3,0.25,27.2,Low,0,0.105,0,0
STU1052,Manoj Mehta,23,Electronics,3,Female,5.917,-0.115,0.378,3,0,61.1,-0.867,0.155,4,1.917,5,23,-0.01,0.606,-0.018,0.365,39,-0.038,1,0.917,6,0.5,42.2,Medium,0,0.201,0,1
STU1053,Girish Gupta,19,Electronics,2,Female,8.167,-0.07,0.285,4,0,79.667,-0.932,0.145,0,0.667,2,8,0.07,0.772,0.013,0.629,48,-0.126,2,0.833,0,0.0,15.5,Low,0,0.102,0,0
STU1054,Deepak Nair,19,Business,4,Female,4.833,0.007,0.316,2,0,58.192,-2.868,0.267,6,3.583,9,43,0.192,0.511,0.006,0.301,31,-0.073,5,0.583,4,0.333,76.4,High,1,0.365,0,2
STU1055,Arjun Reddy,22,Mechanical,3,Female,5.75,-0.094,0.236,3,0,58.85,-0.554,0.19,6,2.667,6,32,-0.049,0.571,-0.006,0.328,22,0.105,4,0.667,5,0.417,60.3,High,1,0.265,0,2
STU1056,Neha Patel,20,Civil,1,Female,7.333,-0.154,0.262,5,0,70.692,-2.749,0.207,3,1.75,5,21,0.304,0.739,0.003,0.525,45,0.066,1,0.917,4,0.333,38.9,Medium,0,0.178,0,1
STU1057,Manoj Mishra,19,Business,4,Male,8.833,-0.364,0.337,4,0,81.817,-1.259,0.126,0,0.5,3,6,-0.07,0.847,0.002,0.633,46,-0.056,1,0.917,0,0.0,14.6,Low,0,0.147,0,0
STU1058,Riya Yadav,18,Civil,2,Female,2.75,0.045,0.315,1,0,51.025,-3.073,0.303,8,4.417,9,53,0.052,0.335,-0.014,0.139,22,0.021,8,0.333,9,0.75,100.0,High,1,0.587,1,2
STU1059,Naveen Singh,23,Mechanical,2,Male,3.25,-0.017,0.396,2,0,56.908,-2.944,0.368,6,4.833,11,58,0.07,0.401,-0.009,0.051,19,0.283,7,0.417,7,0.583,100.0,High,1,0.523,0,2
STU1060,Pallavi Pandey,23,Electronics,2,Male,5.083,0.059,0.213,3,0,65.692,-0.323,0.18,3,2.25,6,27,-0.108,0.582,-0.01,0.457,30,-0.028,3,0.75,5,0.417,41.7,Medium,0,0.195,0,1
STU1061,Anjali Singh,22,Computer Science,1,Male,7.25,-0.178,0.25,4,0,76.792,-1.092,0.179,2,1.167,4,14,0.035,0.68,0.009,0.53,48,-0.084,3,0.75,2,0.167,31.1,Medium,0,0.136,0,1
STU1062,Aarav Singh,24,Electronics,3,Male,6.333,0.133,0.389,2,0,73.083,-0.411,0.172,2,1.0,3,12,0.007,0.589,-0.002,0.441,42,0.014,2,0.833,4,0.333,26.3,Low,0,0.077,0,0
STU1063,Naveen Pillai,24,Business,1,Male,3.833,-0.147,0.218,3,0,46.567,-1.351,0.252,11,5.333,11,64,0.161,0.379,-0.019,0.193,30,-0.245,5,0.583,7,0.583,100.0,High,1,0.533,1,2
STU1064,Pooja Singh,21,Computer Science,4,Male,7.667,-0.126,0.232,6,0,82.508,-0.47,0.126,0,0.167,1,2,0.014,0.787,0.004,0.626,47,-0.178,0,1.0,3,0.25,7.5,Low,0,0.018,0,0
STU1065,Aarav Mehta,22,Business,2,Other,6.917,-0.241,0.392,3,0,76.167,-1.176,0.141,0,1.583,4,19,0.276,0.749,0.009,0.491,42,0.112,1,0.917,3,0.25,20.7,Low,0,0.117,0,0
STU1066,Rajesh Dubey,25,Mechanical,1,Female,2.5,0.049,0.467,1,0,51.358,-1.526,0.298,7,3.667,8,44,0.126,0.333,0.009,0.069,18,0.007,6,0.5,4,0.333,94.2,High,1,0.48,1,2
STU1067,Pooja Nair,21,Computer Science,1,Other,6.667,0.077,0.25,4,0,74.867,-0.283,0.12,1,1.0,4,12,0.084,0.749,-0.013,0.603,47,-0.038,1,0.917,3,0.25,18.3,Low,0,0.113,0,0
STU1068,Anjali Gupta,25,Business,3,Male,8.917,0.108,0.268,5,0,81.725,0.3,0.099,0,0.667,3,8,-0.056,0.815,0.006,0.711,45,-0.052,0,1.0,4,0.333,9.2,Low,0,0.018,0,0
STU1069,Aditya Pillai,24,Mechanical,3,Male,6.167,0.021,0.3,3,0,66.2,-1.921,0.168,3,1.667,5,20,-0.084,0.724,-0.005,0.508,37,-0.024,2,0.833,2,0.167,38.4,Medium,0,0.16,0,1
STU1070,Rajesh Iyer,22,Electronics,2,Female,5.833,0.126,0.317,2,0,56.708,-1.26,0.174,7,2.5,8,30,0.084,0.608,0.008,0.383,29,-0.01,5,0.583,5,0.417,72.2,High,1,0.346,0,2
STU1071,Rahul Banerjee,25,Mechanical,1,Male,6.167,-0.378,0.338,2,0,64.517,-0.848,0.185,5,0.917,5,11,0.115,0.627,0.001,0.474,36,0.161,4,0.667,4,0.333,52.1,Medium,0,0.24,0,1
STU1072,Sunita Nair,22,Civil,1,Male,3.417,-0.045,0.292,1,0,52.683,-2.269,0.25,8,5.083,7,61,-0.157,0.348,-0.006,0.091,23,-0.094,3,0.75,5,0.417,87.5,High,1,0.37,0,2
STU1073,Sunita Kumar,22,Mechanical,3,Female,5.417,-0.241,0.329,3,0,64.05,-2.417,0.18,4,1.75,5,21,-0.115,0.588,-0.001,0.402,36,-0.007,6,0.5,6,0.5,62.8,High,0,0.344,0,2
STU1074,Harish Mehta,24,Mechanical,1,Male,8.0,-0.091,0.213,6,0,80.883,-1.211,0.135,0,1.083,3,13,0.101,0.724,-0.005,0.574,49,-0.143,2,0.833,3,0.25,20.6,Low,0,0.118,0,0
STU1075,Riya Nair,21,Civil,1,Female,5.083,-0.024,0.33,2,0,61.392,-0.804,0.216,6,2.25,8,27,-0.052,0.522,-0.008,0.387,27,0.164,6,0.5,6,0.5,69.2,High,0,0.391,0,2
STU1076,Aditya Verma,21,Business,1,Female,7.417,-0.241,0.375,4,0,80.958,-1.875,0.167,1,0.583,3,7,0.066,0.764,-0.019,0.553,50,0.021,3,0.75,0,0.0,27.2,Low,0,0.153,0,0
STU1077,Swati Kumar,22,Business,3,Male,6.833,0.014,0.271,4,0,76.717,-0.839,0.131,0,1.583,5,19,-0.066,0.679,-0.005,0.516,36,0.133,2,0.833,2,0.167,20.8,Low,0,0.115,0,0
STU1078,Rahul Nair,19,Mechanical,2,Male,7.667,0.084,0.335,3,0,72.458,-1.867,0.151,1,0.917,2,11,-0.094,0.666,-0.003,0.325,39,-0.185,1,0.917,0,0.0,19.7,Low,0,0.034,0,0
STU1079,Amit Patel,20,Civil,4,Female,5.833,0.0,0.251,3,0,67.6,-0.42,0.136,2,2.25,8,27,-0.136,0.672,-0.008,0.544,39,-0.192,0,1.0,3,0.25,28.2,Low,0,0.115,0,0
STU1080,Ananya Rao,24,Civil,2,Male,7.0,-0.273,0.272,4,0,71.583,-1.862,0.126,2,1.667,6,20,-0.126,0.639,0.006,0.431,39,0.087,6,0.5,2,0.167,48.4,Medium,0,0.223,0,1
STU1081,Varun Verma,20,Electronics,4,Male,7.0,-0.028,0.228,5,0,68.642,-1.828,0.191,4,2.333,5,28,0.028,0.646,0.001,0.529,31,-0.087,4,0.667,5,0.417,51.5,Medium,0,0.234,0,1
STU1082,Deepak Nair,20,Business,1,Other,6.417,-0.255,0.308,4,0,67.067,-3.205,0.204,5,1.5,5,18,-0.154,0.599,-0.017,0.428,33,-0.045,3,0.75,4,0.333,55.1,Medium,0,0.284,0,1
STU1083,Manoj Sharma,21,Computer Science,2,Male,6.667,-0.133,0.234,5,0,69.467,-0.699,0.136,1,0.917,3,11,0.08,0.716,-0.007,0.582,36,-0.035,1,0.917,2,0.167,20.0,Low,0,0.096,0,0
STU1084,Anjali Agarwal,21,Business,4,Female,5.833,-0.259,0.342,2,0,64.492,-0.409,0.154,3,2.333,4,28,-0.021,0.576,-0.013,0.319,26,-0.119,4,0.667,3,0.25,44.4,Medium,0,0.156,0,1
STU1085,Rahul Gupta,19,Business,3,Other,6.25,-0.248,0.238,4,0,63.333,-2.147,0.232,5,0.75,3,9,0.073,0.615,-0.014,0.347,34,-0.014,1,0.917,5,0.417,43.5,Medium,0,0.156,0,1
STU1086,Rohan Nair,20,Electronics,3,Male,2.5,-0.091,0.467,1,0,47.058,-1.43,0.295,10,2.75,6,33,0.15,0.366,-0.018,0.176,17,0.129,7,0.417,7,0.583,100.0,High,1,0.533,1,2
STU1087,Ananya Reddy,20,Computer Science,2,Male,3.333,-0.133,0.391,1,0,48.25,-0.888,0.186,10,3.5,7,42,-0.217,0.387,-0.015,0.172,25,-0.066,7,0.417,4,0.333,100.0,High,1,0.533,1,2
STU1088,Anjali Gupta,22,Electronics,2,Male,7.417,-0.01,0.177,5,0,81.25,-2.927,0.187,2,1.417,4,17,-0.136,0.804,0.005,0.6,58,-0.007,0,1.0,2,0.167,25.2,Low,0,0.104,0,0
STU1089,Naveen Sharma,21,Computer Science,1,Male,7.0,-0.189,0.35,2,0,71.275,-0.147,0.122,1,1.583,5,19,0.15,0.619,-0.008,0.467,35,0.038,7,0.417,3,0.25,45.1,Medium,1,0.289,0,1
STU1090,Suresh Pillai,20,Mechanical,2,Male,6.917,0.024,0.305,4,0,66.5,-1.52,0.148,3,2.5,5,30,0.007,0.662,-0.016,0.43,34,-0.161,2,0.833,6,0.5,42.7,Medium,0,0.214,0,1
STU1091,Sunita Yadav,23,Computer Science,1,Female,4.833,-0.357,0.44,1,0,63.633,-2.135,0.193,6,1.25,4,15,-0.143,0.599,0.005,0.355,38,-0.091,0,1.0,5,0.417,47.0,Medium,0,0.186,0,1
STU1092,Neha Nair,19,Electronics,1,Male,8.583,-0.024,0.339,4,0,74.183,-1.547,0.125,0,0.5,3,6,-0.021,0.774,-0.004,0.679,46,-0.035,1,0.917,0,0.0,14.4,Low,0,0.054,0,0
STU1093,Priya Singh,25,Business,3,Female,6.417,0.073,0.285,4,0,71.658,-1.877,0.139,2,1.5,4,18,0.175,0.728,-0.009,0.592,39,-0.087,2,0.833,4,0.333,33.8,Medium,0,0.135,0,1
STU1094,Naveen Chatterjee,23,Computer Science,3,Other,5.833,-0.252,0.309,3,0,63.2,-1.736,0.187,5,2.0,5,24,-0.007,0.492,-0.014,0.164,25,0.045,5,0.583,4,0.333,61.5,High,0,0.323,0,2
STU1095,Nikhil Chatterjee,23,Computer Science,4,Female,4.583,-0.129,0.4,1,0,57.792,-0.144,0.161,5,1.75,4,21,-0.073,0.515,0.003,0.344,23,0.122,4,0.667,3,0.25,52.6,Medium,1,0.31,0,1
STU1096,Priya Patel,25,Civil,3,Female,6.583,-0.059,0.209,4,0,78.842,-0.375,0.167,2,1.167,5,14,-0.147,0.721,-0.013,0.536,48,-0.182,1,0.917,5,0.417,25.2,Low,0,0.139,0,0
STU1097,Deepak Pandey,24,Business,3,Male,7.75,-0.059,0.192,5,0,74.692,-1.078,0.129,1,2.167,4,26,-0.007,0.745,-0.013,0.552,50,-0.168,3,0.75,3,0.25,30.1,Medium,0,0.144,0,1
STU1098,Riya Mehta,24,Mechanical,2,Female,4.583,-0.164,0.341,1,0,64.958,-1.979,0.228,4,1.75,5,21,-0.087,0.488,0.002,0.338,29,-0.22,1,0.917,1,0.083,41.3,Medium,0,0.186,0,1
STU1099,Sunita Sharma,19,Electronics,3,Female,3.667,-0.147,0.44,1,0,39.05,-1.469,0.293,11,3.167,5,38,0.063,0.37,0.005,0.072,20,-0.126,5,0.583,6,0.5,100.0,High,1,0.587,1,2
STU1100,Aarav Banerjee,23,Mechanical,4,Male,5.25,-0.346,0.423,1,0,59.758,-2.03,0.154,7,3.583,7,43,0.073,0.496,-0.001,0.386,42,0.126,1,0.917,5,0.417,62.4,High,1,0.223,0,2
STU1101,Priya Tiwari,20,Business,2,Male,6.083,-0.031,0.284,3,0,74.742,-2.495,0.2,3,2.333,5,28,-0.161,0.668,-0.01,0.512,43,-0.087,1,0.917,4,0.333,36.5,Medium,0,0.152,0,1
STU1102,Rajesh Joshi,21,Computer Science,4,Female,4.417,-0.122,0.392,2,0,65.042,-1.835,0.197,6,2.25,7,27,0.325,0.598,0.004,0.354,32,0.098,6,0.5,4,0.333,71.8,High,0,0.325,0,2
STU1103,Sunita Dubey,19,Computer Science,3,Male,4.583,0.087,0.53,1,0,61.267,-0.661,0.166,5,3.167,10,38,0.028,0.594,-0.03,0.288,34,0.049,4,0.667,1,0.083,60.7,High,0,0.342,0,2
STU1104,Sneha Dubey,22,Business,4,Male,6.833,-0.434,0.458,2,0,68.933,-1.631,0.141,1,1.833,6,22,0.056,0.681,-0.008,0.542,41,0.052,1,0.917,4,0.333,31.7,Medium,0,0.174,0,1
STU1105,Siddharth Yadav,25,Computer Science,2,Male,4.083,-0.311,0.397,2,0,57.917,-0.684,0.185,7,2.667,7,32,-0.028,0.456,-0.02,0.222,24,0.133,2,0.833,5,0.417,64.8,High,1,0.347,0,2
STU1106,Nikhil Joshi,23,Computer Science,1,Male,4.25,-0.143,0.286,2,0,54.017,-2.773,0.263,9,4.583,8,55,0.241,0.441,0.007,0.128,22,0.14,5,0.583,5,0.417,95.2,High,1,0.503,1,2
STU1107,Suresh Mehta,19,Computer Science,4,Female,6.0,0.007,0.302,3,0,70.658,-0.793,0.117,1,2.5,6,30,-0.112,0.66,-0.0,0.422,42,0.021,3,0.75,4,0.333,34.0,Medium,0,0.192,0,1
STU1108,Leela Joshi,18,Electronics,4,Female,4.5,-0.189,0.259,3,0,56.383,-2.803,0.245,7,3.417,10,41,-0.136,0.469,-0.002,0.253,25,-0.178,6,0.5,1,0.083,84.2,High,1,0.393,0,2
STU1109,Amit Verma,18,Electronics,2,Female,1.917,-0.024,0.349,1,0,43.508,-1.481,0.421,10,3.417,6,41,0.01,0.2,0.003,0.0,15,-0.017,7,0.417,5,0.417,100.0,High,1,0.626,1,2
STU1110,Kavya Sharma,24,Civil,2,Male,4.417,-0.01,0.327,3,0,52.925,-0.863,0.196,8,4.167,7,50,-0.301,0.465,-0.009,0.231,26,0.238,7,0.417,6,0.5,90.4,High,1,0.499,1,2
STU1111,Arjun Joshi,25,Mechanical,4,Male,7.917,-0.255,0.33,4,0,86.725,-2.042,0.133,0,0.833,3,10,0.007,0.796,-0.011,0.648,56,0.049,0,1.0,2,0.167,15.3,Low,0,0.06,0,0
STU1112,Kavya Singh,21,Business,3,Female,5.917,-0.108,0.31,4,0,66.275,-2.135,0.168,5,1.75,4,21,-0.178,0.616,-0.001,0.52,34,0.028,5,0.583,3,0.25,56.9,Medium,0,0.28,0,1
STU1113,Varun Kumar,20,Business,4,Male,4.25,0.101,0.335,3,0,52.958,-0.753,0.207,10,3.417,8,41,0.535,0.467,-0.016,0.145,30,0.028,2,0.833,7,0.583,82.3,High,1,0.368,0,2
STU1114,Tanvi Singh,21,Business,2,Male,4.583,0.017,0.4,3,0,58.85,-0.952,0.194,5,1.833,8,22,0.007,0.559,-0.001,0.246,39,-0.017,5,0.583,4,0.333,63.2,High,1,0.338,0,2
STU1115,Tanvi Agarwal,21,Civil,1,Female,6.417,0.108,0.335,3,0,68.367,-1.748,0.152,4,1.583,5,19,-0.178,0.687,-0.014,0.574,39,0.08,4,0.667,2,0.167,47.6,Medium,0,0.201,0,1
STU1116,Sunita Nair,21,Electronics,1,Male,7.667,-0.343,0.218,5,0,68.767,-2.557,0.211,4,1.583,6,19,0.087,0.635,0.016,0.483,36,-0.119,2,0.833,3,0.25,46.0,Medium,0,0.212,0,1
STU1117,Manoj Reddy,25,Civil,3,Female,6.667,0.035,0.274,2,0,68.067,-2.276,0.197,3,1.833,6,22,0.203,0.699,-0.0,0.511,31,0.164,2,0.833,1,0.083,39.8,Medium,0,0.192,0,1
STU1118,Girish Das,21,Business,4,Male,4.167,-0.021,0.352,2,0,50.667,-1.143,0.251,9,4.25,9,51,0.15,0.393,-0.003,0.18,24,0.007,8,0.333,7,0.583,100.0,High,1,0.543,1,2
STU1119,Pallavi Sharma,22,Mechanical,1,Male,7.667,-0.322,0.296,5,0,74.025,0.012,0.108,0,0.333,2,4,-0.021,0.747,0.0,0.58,33,0.129,4,0.667,0,0.0,19.8,Low,0,0.149,0,0
STU1120,Siddharth Das,25,Computer Science,4,Male,6.917,0.031,0.317,2,0,69.633,-0.258,0.245,3,2.25,7,27,0.346,0.626,0.013,0.441,43,-0.073,2,0.833,3,0.25,37.6,Medium,0,0.199,0,1
STU1121,Riya Iyer,22,Electronics,2,Other,4.083,-0.143,0.22,3,0,55.492,0.372,0.267,7,3.75,7,45,0.031,0.452,-0.002,0.305,17,0.024,5,0.583,6,0.5,74.8,High,1,0.357,0,2
STU1122,Prasad Nair,25,Electronics,1,Female,6.0,0.0,0.293,2,0,72.308,-0.067,0.151,2,1.417,3,17,0.066,0.723,-0.023,0.437,42,-0.112,2,0.833,1,0.083,24.4,Low,0,0.16,0,0
STU1123,Kavya Mishra,24,Civil,3,Female,6.75,0.038,0.297,3,0,69.975,-1.767,0.218,4,1.333,3,16,0.133,0.66,0.006,0.507,41,-0.304,2,0.833,1,0.083,37.7,Medium,0,0.194,0,1
STU1124,Priya Sharma,19,Electronics,2,Female,3.25,-0.297,0.457,1,0,54.892,-3.488,0.292,7,4.667,9,56,-0.126,0.466,-0.005,0.328,31,-0.073,5,0.583,7,0.583,94.4,High,1,0.474,1,2
STU1125,Neha Mehta,18,Business,3,Male,2.417,0.08,0.328,1,0,46.258,-1.37,0.261,9,4.75,11,57,-0.143,0.366,-0.014,0.192,14,0.014,9,0.25,9,0.75,100.0,High,1,0.616,1,2
STU1126,Naveen Dubey,21,Business,2,Female,6.0,-0.021,0.333,2,0,62.975,0.018,0.11,4,2.583,7,31,0.367,0.655,0.006,0.398,46,-0.077,4,0.667,5,0.417,52.6,Medium,0,0.286,0,1
STU1127,Arjun Gupta,24,Civil,1,Male,6.667,-0.056,0.322,3,0,68.967,-0.931,0.179,3,1.417,6,17,0.36,0.639,0.014,0.41,38,-0.189,3,0.75,4,0.333,42.2,Medium,0,0.197,0,1
STU1128,Prasad Banerjee,19,Business,3,Female,3.667,-0.231,0.391,1,0,53.558,-0.586,0.265,8,4.0,8,48,-0.105,0.41,-0.001,0.255,15,-0.122,4,0.667,6,0.5,82.8,High,1,0.392,1,2
STU1129,Kavya Singh,18,Mechanical,3,Male,4.75,-0.241,0.36,2,0,63.575,-0.828,0.139,4,2.083,5,25,-0.059,0.524,-0.003,0.181,42,-0.07,6,0.5,3,0.25,58.7,Medium,0,0.33,0,1
STU1130,Varun Yadav,23,Civil,2,Female,5.667,-0.224,0.313,3,0,69.575,-2.001,0.161,4,1.667,5,20,0.217,0.667,-0.01,0.363,35,0.017,3,0.75,4,0.333,47.8,Medium,0,0.215,0,1
STU1131,Manoj Yadav,20,Mechanical,3,Male,6.0,-0.308,0.389,1,0,70.092,-1.076,0.115,1,1.417,4,17,0.045,0.652,-0.008,0.519,43,-0.087,4,0.667,5,0.417,37.4,Medium,0,0.174,0,1
STU1132,Siddharth Chatterjee,22,Computer Science,2,Male,7.333,-0.259,0.287,5,0,78.325,-0.772,0.176,1,0.667,2,8,0.042,0.817,-0.002,0.668,58,-0.168,1,0.917,3,0.25,18.3,Low,0,0.124,0,0
STU1133,Meera Kumar,23,Mechanical,2,Female,5.333,-0.014,0.323,3,0,61.8,-0.653,0.216,4,3.167,9,38,0.315,0.514,0.017,0.301,29,0.101,2,0.833,2,0.167,48.2,Medium,0,0.247,0,1
STU1134,Lakshmi Reddy,25,Computer Science,2,Male,5.583,-0.024,0.259,4,0,68.067,-2.533,0.22,3,1.5,4,18,-0.126,0.649,-0.001,0.414,34,-0.063,5,0.583,2,0.167,48.6,Medium,0,0.243,0,1
STU1135,Varun Singh,18,Computer Science,2,Male,7.583,-0.206,0.325,4,0,78.642,-0.457,0.126,1,1.083,2,13,-0.038,0.77,-0.013,0.552,41,-0.115,1,0.917,2,0.167,17.2,Low,0,0.021,0,0
STU1136,Nisha Singh,23,Mechanical,1,Male,4.0,-0.098,0.337,1,0,46.283,0.49,0.268,11,3.5,7,42,-0.042,0.432,0.008,0.235,25,-0.038,6,0.5,6,0.5,97.2,High,1,0.483,1,2
STU1137,Nisha Das,20,Civil,2,Male,3.75,-0.136,0.362,2,0,52.475,-2.342,0.299,8,3.167,7,38,-0.238,0.448,-0.012,0.177,22,-0.154,7,0.417,4,0.333,95.5,High,1,0.509,1,2
STU1138,Ishaan Patel,24,Business,4,Female,6.583,-0.171,0.271,4,0,70.875,0.318,0.126,2,1.583,3,19,0.129,0.734,-0.015,0.483,46,-0.154,1,0.917,3,0.25,24.1,Low,0,0.095,0,0
STU1139,Prasad Mishra,18,Business,3,Female,5.917,-0.157,0.378,2,0,69.458,0.092,0.145,2,2.833,10,34,0.245,0.564,-0.0,0.38,35,0.08,2,0.833,5,0.417,39.6,Medium,0,0.131,0,1
STU1140,Geeta Sharma,23,Computer Science,4,Female,6.5,-0.077,0.232,3,0,66.0,-2.177,0.201,5,1.917,4,23,0.01,0.639,0.001,0.524,38,-0.119,2,0.833,3,0.25,46.8,Medium,0,0.212,0,1
STU1141,Sneha Sharma,22,Computer Science,1,Female,7.083,-0.43,0.353,4,0,77.467,-0.448,0.079,0,0.75,3,9,-0.115,0.728,0.005,0.502,38,-0.035,6,0.5,1,0.083,31.3,Medium,0,0.189,0,1
STU1142,Pooja Tiwari,22,Civil,4,Male,4.083,-0.143,0.244,2,0,57.683,0.934,0.185,8,3.833,11,46,-0.427,0.545,0.003,0.339,23,-0.073,2,0.833,2,0.167,67.0,High,1,0.28,0,2
STU1143,Varun Yadav,19,Electronics,3,Female,7.667,0.133,0.291,5,0,71.325,-0.34,0.104,1,1.917,6,23,0.157,0.661,0.005,0.433,31,-0.073,2,0.833,4,0.333,28.5,Low,0,0.094,0,0
STU1144,Meera Nair,23,Mechanical,4,Male,3.833,-0.126,0.331,2,0,54.775,-0.939,0.166,9,2.917,5,35,-0.213,0.465,-0.009,0.308,28,-0.014,5,0.583,5,0.417,81.4,High,1,0.415,1,2
STU1145,Rohan Chatterjee,21,Computer Science,1,Male,5.167,0.028,0.428,2,0,62.467,-3.448,0.26,5,1.833,4,22,0.126,0.634,-0.004,0.504,31,-0.024,5,0.583,7,0.583,66.6,High,0,0.293,0,2
STU1146,Manoj Mishra,23,Business,2,Female,7.583,-0.094,0.254,5,0,72.675,-2.342,0.17,3,0.833,3,10,0.0,0.676,-0.02,0.439,38,-0.154,2,0.833,1,0.083,33.4,Medium,0,0.135,0,1
STU1147,Neha Banerjee,24,Civil,4,Male,5.083,-0.087,0.36,2,0,58.75,-1.425,0.343,6,2.833,6,34,-0.133,0.496,-0.012,0.41,30,-0.126,5,0.583,3,0.25,66.2,High,1,0.372,0,2
STU1148,Amit Dubey,18,Mechanical,1,Female,5.5,-0.056,0.285,3,0,64.3,-0.043,0.15,4,1.833,7,22,-0.35,0.608,-0.003,0.407,41,0.108,5,0.583,6,0.5,53.3,Medium,0,0.316,0,1
STU1149,Amit Bhat,18,Civil,1,Male,4.583,-0.178,0.377,2,0,60.933,-1.045,0.162,7,1.083,4,13,0.122,0.621,-0.006,0.454,35,-0.108,2,0.833,5,0.417,55.3,Medium,0,0.242,0,1
STU1150,Harish Joshi,24,Mechanical,3,Female,7.25,-0.213,0.391,4,0,71.742,-0.808,0.111,0,0.417,2,5,0.066,0.741,-0.024,0.56,50,0.126,0,1.0,1,0.083,10.8,Low,0,0.0,0,0
STU1151,Lakshmi Shah,23,Mechanical,3,Female,6.25,-0.052,0.298,4,0,71.933,-1.945,0.193,2,1.25,4,15,0.206,0.691,-0.014,0.432,42,0.077,4,0.667,4,0.333,40.6,Medium,0,0.221,0,1
STU1152,Meera Patel,24,Computer Science,4,Female,6.0,-0.042,0.201,4,0,67.617,-0.276,0.152,2,2.25,6,27,0.129,0.662,0.007,0.56,36,0.07,3,0.75,4,0.333,36.8,Medium,0,0.157,0,1
STU1153,Shreya Sharma,20,Civil,2,Female,3.75,0.073,0.471,1,0,45.958,-1.391,0.323,10,3.167,9,38,0.126,0.38,-0.005,0.24,25,0.066,6,0.5,3,0.25,99.3,High,1,0.489,1,2
STU1154,Deepak Pillai,25,Civil,1,Female,7.333,-0.161,0.275,4,0,65.233,-1.523,0.204,4,2.25,4,27,0.045,0.682,-0.005,0.4,41,0.073,3,0.75,3,0.25,46.2,Medium,0,0.243,0,1
STU1155,Manoj Mehta,24,Business,4,Male,8.75,-0.213,0.331,5,0,78.758,-1.263,0.128,0,0.417,1,5,0.059,0.824,-0.016,0.686,46,-0.07,2,0.833,0,0.0,15.8,Low,0,0.025,0,0
STU1156,Tanvi Kumar,22,Business,1,Female,5.167,-0.098,0.458,1,0,67.317,-1.233,0.162,3,2.0,6,24,0.154,0.512,-0.005,0.383,29,0.024,3,0.75,5,0.417,45.3,Medium,0,0.233,0,1
STU1157,Prasad Chatterjee,24,Computer Science,1,Male,8.5,-0.189,0.268,6,0,82.75,-1.446,0.17,2,0.667,3,8,-0.203,0.812,0.005,0.706,58,0.056,0,1.0,2,0.167,19.4,Low,0,0.085,0,0
STU1158,Nikhil Rao,18,Computer Science,2,Female,8.333,-0.056,0.225,5,0,74.808,-1.526,0.125,0,0.833,3,10,0.154,0.689,0.013,0.535,52,-0.091,1,0.917,3,0.25,17.6,Low,0,0.085,0,0
STU1159,Deepak Bhat,22,Electronics,2,Female,3.667,0.014,0.44,0,1,42.717,-1.48,0.282,12,4.333,9,52,-0.287,0.439,-0.017,0.16,17,-0.185,4,0.667,7,0.583,100.0,High,1,0.507,1,2
STU1160,Ananya Singh,18,Business,4,Female,3.5,-0.14,0.448,1,0,52.65,-1.983,0.254,8,5.583,10,67,0.213,0.478,0.01,0.263,16,0.077,6,0.5,4,0.333,97.3,High,1,0.47,1,2
STU1161,Naveen Yadav,19,Mechanical,2,Male,6.333,-0.315,0.422,0,1,78.167,-2.387,0.166,1,1.0,4,12,0.098,0.669,-0.018,0.495,39,-0.283,1,0.917,1,0.083,28.9,Low,0,0.097,0,0
STU1162,Swati Chatterjee,21,Civil,2,Male,6.333,-0.28,0.288,4,0,71.492,-1.587,0.149,2,1.083,4,13,-0.038,0.663,0.003,0.514,39,-0.108,1,0.917,4,0.333,29.0,Low,0,0.083,0,0
STU1163,Ravi Singh,18,Computer Science,4,Female,7.417,-0.129,0.342,4,0,76.075,-1.209,0.145,1,0.833,3,10,0.028,0.819,-0.008,0.568,46,0.049,1,0.917,4,0.333,21.1,Low,0,0.151,0,0
STU1164,Manoj Agarwal,22,Civil,2,Male,6.833,-0.112,0.248,5,0,77.55,-1.483,0.128,0,1.167,4,14,0.028,0.758,-0.01,0.502,49,-0.01,3,0.75,2,0.167,24.9,Low,0,0.111,0,0
STU1165,Shreya Dubey,19,Civil,3,Male,4.583,0.094,0.341,2,0,61.558,-1.723,0.255,5,1.917,4,23,-0.087,0.47,0.002,0.185,32,-0.049,5,0.583,5,0.417,62.4,High,0,0.297,0,2
STU1166,Manoj Singh,18,Electronics,1,Male,4.583,-0.185,0.315,3,0,53.117,-0.827,0.164,9,2.917,6,35,0.157,0.412,-0.006,0.233,32,0.07,4,0.667,6,0.5,80.3,High,1,0.404,1,2
STU1167,Ishaan Iyer,20,Business,1,Female,7.5,-0.091,0.276,4,0,80.042,-0.719,0.131,1,0.5,2,6,0.049,0.794,-0.005,0.705,66,0.147,1,0.917,2,0.167,15.8,Low,0,0.081,0,0
STU1168,Ravi Pandey,24,Computer Science,1,Female,3.583,-0.157,0.42,1,0,52.3,-2.624,0.285,7,4.417,9,53,0.22,0.422,-0.003,0.16,20,0.119,7,0.417,5,0.417,100.0,High,1,0.546,1,2
STU1169,Rohan Reddy,21,Civil,1,Male,7.25,-0.08,0.482,3,0,75.908,-1.226,0.172,1,0.583,2,7,0.052,0.699,0.003,0.462,45,-0.01,0,1.0,1,0.083,14.1,Low,0,0.035,0,0
STU1170,Suresh Das,18,Computer Science,4,Male,8.25,-0.192,0.377,4,0,82.333,-2.134,0.11,0,0.75,3,9,0.094,0.775,0.002,0.561,49,0.059,1,0.917,1,0.083,18.3,Low,0,0.066,0,0
STU1171,Sunita Pillai,19,Mechanical,1,Male,7.667,-0.343,0.546,1,0,80.292,-0.778,0.12,1,0.417,1,5,-0.01,0.774,0.006,0.611,49,-0.087,1,0.917,1,0.083,16.4,Low,0,0.042,0,0
STU1172,Amit Dubey,20,Electronics,1,Female,5.333,-0.063,0.313,3,0,68.708,-0.242,0.12,2,2.0,7,24,-0.154,0.577,-0.004,0.344,44,-0.168,2,0.833,4,0.333,34.0,Medium,0,0.149,0,1
STU1173,Priya Iyer,23,Mechanical,1,Female,4.083,0.017,0.411,1,0,57.55,-2.671,0.249,9,3.917,9,47,0.213,0.381,-0.018,0.151,17,0.031,9,0.25,4,0.333,100.0,High,1,0.57,0,2
STU1174,Priya Chatterjee,19,Computer Science,1,Male,5.167,0.07,0.245,3,0,57.175,-1.728,0.222,9,2.833,8,34,0.259,0.481,0.014,0.197,32,0.035,6,0.5,5,0.417,86.3,High,1,0.422,0,2
STU1175,Pallavi Sharma,24,Computer Science,3,Male,8.083,-0.08,0.244,5,0,80.767,-0.909,0.192,2,1.167,4,14,-0.007,0.768,0.009,0.616,48,-0.049,2,0.833,0,0.0,24.7,Low,0,0.096,0,0
STU1176,Arjun Verma,19,Business,1,Male,5.667,-0.147,0.371,3,0,64.342,-1.443,0.153,4,2.0,4,24,0.049,0.601,-0.01,0.373,37,-0.108,6,0.5,4,0.333,58.0,Medium,0,0.315,0,1
STU1177,Girish Iyer,20,Civil,3,Female,4.25,-0.164,0.39,1,0,58.8,-0.257,0.17,5,3.5,6,42,-0.035,0.445,-0.004,0.276,32,-0.105,5,0.583,3,0.25,64.3,High,1,0.323,0,2
STU1178,Rajesh Singh,19,Civil,4,Female,5.833,-0.119,0.3,3,0,73.258,-1.661,0.137,2,2.167,5,26,0.007,0.612,0.011,0.448,36,-0.147,3,0.75,6,0.5,40.0,Medium,0,0.111,0,1
STU1179,Nisha Yadav,20,Mechanical,2,Male,2.167,0.0,0.266,1,0,39.183,-2.738,0.348,12,7.25,13,87,0.36,0.247,-0.001,0.0,12,-0.07,8,0.333,8,0.667,100.0,High,1,0.614,1,2
STU1180,Rahul Nair,18,Electronics,1,Male,4.417,-0.164,0.367,2,0,64.5,-1.117,0.169,4,1.75,5,21,0.122,0.556,0.007,0.379,42,0.0,6,0.5,6,0.5,60.8,High,0,0.228,0,2
STU1181,Geeta Shah,25,Civil,2,Male,4.417,-0.01,0.281,2,0,51.325,-0.582,0.185,9,3.917,9,47,-0.073,0.415,-0.01,0.12,24,-0.266,5,0.583,3,0.25,87.2,High,1,0.441,1,2
STU1182,Varun Sharma,20,Business,2,Other,5.5,0.056,0.263,3,0,62.467,-1.721,0.154,4,1.833,7,22,-0.098,0.602,-0.003,0.373,38,-0.091,5,0.583,6,0.5,59.0,Medium,0,0.314,0,1
STU1183,Meera Bhat,20,Mechanical,4,Male,6.833,-0.217,0.248,4,0,70.992,-1.484,0.165,2,2.083,6,25,-0.087,0.587,-0.008,0.304,30,-0.105,2,0.833,1,0.083,33.6,Medium,0,0.177,0,1
STU1184,Kavya Bhat,21,Mechanical,2,Female,5.75,0.024,0.198,3,0,70.733,-1.506,0.154,1,2.0,4,24,0.119,0.64,-0.01,0.431,42,-0.028,4,0.667,4,0.333,36.8,Medium,0,0.207,0,1
STU1185,Neha Banerjee,20,Business,3,Female,3.417,0.003,0.232,2,0,45.783,-1.685,0.28,10,4.25,14,51,-0.073,0.33,-0.002,0.097,21,-0.185,6,0.5,6,0.5,100.0,High,1,0.549,1,2
STU1186,Riya Pillai,20,Electronics,2,Male,6.75,-0.15,0.31,4,0,75.108,-0.812,0.122,1,1.5,4,18,-0.112,0.703,-0.0,0.589,45,-0.017,1,0.917,4,0.333,22.0,Low,0,0.052,0,0
STU1187,Deepak Patel,23,Business,2,Male,5.167,-0.14,0.419,2,0,65.067,-2.244,0.235,5,3.75,8,45,0.017,0.519,-0.014,0.355,24,-0.112,4,0.667,3,0.25,63.5,High,0,0.257,0,2
STU1188,Priya Dubey,25,Electronics,2,Male,8.083,0.255,0.314,4,0,78.233,-0.595,0.099,0,0.5,2,6,-0.021,0.769,-0.013,0.54,48,-0.042,1,0.917,1,0.083,11.0,Low,0,0.043,0,0
STU1189,Amit Banerjee,18,Business,1,Female,8.333,-0.399,0.341,5,0,76.217,-0.688,0.078,0,1.5,5,18,0.091,0.705,-0.017,0.563,44,-0.007,1,0.917,2,0.167,19.2,Low,0,0.048,0,0
STU1190,Nisha Pandey,24,Business,1,Female,7.917,0.045,0.316,4,0,74.383,-1.79,0.151,1,1.083,3,13,-0.129,0.699,-0.003,0.518,44,-0.014,1,0.917,6,0.5,24.4,Low,0,0.063,0,0
STU1191,Amit Chatterjee,21,Computer Science,3,Female,6.917,0.045,0.362,4,0,75.342,-0.927,0.16,2,1.0,3,12,0.112,0.706,-0.007,0.577,40,-0.07,2,0.833,1,0.083,25.2,Low,0,0.11,0,0
STU1192,Ananya Pillai,23,Mechanical,3,Female,4.583,-0.22,0.377,1,0,58.942,-1.483,0.188,8,1.5,4,18,0.168,0.514,0.002,0.386,26,0.133,4,0.667,3,0.25,67.1,High,1,0.296,0,2
STU1193,Naveen Sharma,22,Business,1,Male,5.083,-0.395,0.406,1,0,56.442,0.106,0.169,8,3.667,8,44,0.238,0.584,-0.02,0.37,27,0.024,3,0.75,3,0.25,68.6,High,1,0.263,0,2
STU1194,Meera Tiwari,25,Business,3,Other,5.25,-0.402,0.382,2,0,60.6,-1.211,0.208,6,2.917,11,35,0.269,0.557,-0.015,0.463,33,-0.024,4,0.667,5,0.417,70.3,High,0,0.319,0,2
STU1195,Vikram Nair,18,Civil,1,Female,6.833,0.07,0.323,4,0,76.133,-1.971,0.119,0,2.0,5,24,0.231,0.68,0.0,0.436,53,0.017,2,0.833,0,0.0,24.5,Low,0,0.078,0,0
STU1196,Sneha Joshi,18,Mechanical,4,Male,6.0,-0.084,0.246,3,0,67.017,0.088,0.134,2,3.083,8,37,0.143,0.664,0.007,0.432,28,0.007,2,0.833,3,0.25,36.0,Medium,0,0.183,0,1
STU1197,Sunita Agarwal,22,Civil,2,Other,7.75,-0.171,0.234,5,0,76.083,-1.672,0.118,0,1.333,7,16,0.147,0.721,-0.008,0.606,37,-0.08,2,0.833,3,0.25,27.0,Low,0,0.153,0,0
STU1198,Harish Pillai,24,Mechanical,2,Female,6.333,-0.021,0.339,3,0,70.542,-0.799,0.109,1,1.25,4,15,-0.038,0.681,0.02,0.456,40,0.147,3,0.75,2,0.167,28.1,Low,0,0.172,0,0
STU1199,Prasad Dubey,20,Civil,3,Female,5.583,-0.15,0.29,2,0,67.442,-1.127,0.25,4,2.667,6,32,0.021,0.58,0.004,0.359,34,-0.049,5,0.583,7,0.583,57.3,Medium,0,0.294,0,1
STU1200,Pallavi Agarwal,23,Business,1,Female,6.417,-0.136,0.384,4,0,73.683,-0.542,0.172,2,2.5,6,30,-0.503,0.659,0.014,0.448,43,-0.129,4,0.667,3,0.25,39.5,Medium,0,0.231,0,1
STU1201,Kavya Shah,19,Business,1,Female,5.5,-0.14,0.295,3,0,67.608,0.091,0.106,2,2.417,6,29,0.059,0.58,-0.014,0.345,35,0.164,4,0.667,4,0.333,40.6,Medium,0,0.184,0,1
STU1202,Harish Banerjee,21,Computer Science,3,Female,4.917,-0.073,0.471,2,0,60.308,-2.585,0.291,6,2.5,7,30,0.217,0.585,-0.008,0.348,41,0.059,3,0.75,4,0.333,64.3,High,0,0.275,0,2
STU1203,Nikhil Yadav,19,Civil,1,Male,5.667,0.028,0.421,2,0,72.817,-0.824,0.133,1,2.5,6,30,0.315,0.654,-0.006,0.506,42,0.0,3,0.75,1,0.083,32.6,Medium,0,0.161,0,1
STU1204,Tanvi Dubey,22,Electronics,4,Male,6.667,0.182,0.295,4,0,80.525,-0.993,0.155,1,0.417,3,5,-0.01,0.742,0.003,0.615,46,0.021,1,0.917,1,0.083,16.1,Low,0,0.053,0,0
STU1205,Rajesh Mehta,18,Computer Science,2,Female,4.083,-0.304,0.411,2,0,50.092,0.617,0.239,10,4.333,9,52,-0.462,0.493,0.002,0.335,29,0.073,4,0.667,3,0.25,85.3,High,1,0.412,1,2
STU1206,Rajesh Tiwari,24,Civil,3,Male,8.333,-0.42,0.401,3,0,72.933,-1.757,0.148,2,1.583,5,19,0.01,0.725,-0.006,0.48,36,0.0,3,0.75,1,0.083,36.4,Medium,0,0.155,0,1
STU1207,Riya Gupta,18,Civil,3,Male,7.583,-0.094,0.3,4,0,71.492,-1.398,0.158,1,1.0,4,12,-0.203,0.737,-0.011,0.633,49,-0.129,2,0.833,1,0.083,25.4,Low,0,0.113,0,0
STU1208,Neha Tiwari,21,Computer Science,1,Male,7.167,-0.462,0.428,1,0,77.808,-1.968,0.203,2,0.75,5,9,-0.066,0.709,0.007,0.513,51,-0.08,3,0.75,1,0.083,35.0,Medium,0,0.142,0,1
STU1209,Aarav Sharma,18,Business,3,Male,5.75,-0.22,0.427,3,0,63.592,-1.236,0.174,5,2.417,6,29,0.08,0.548,0.006,0.398,34,0.098,3,0.75,5,0.417,54.6,Medium,0,0.274,0,1
STU1210,Leela Pandey,18,Civil,4,Female,3.917,-0.143,0.369,1,0,52.342,-0.437,0.161,10,4.417,9,53,-0.227,0.428,-0.013,0.234,21,-0.094,8,0.333,6,0.5,100.0,High,1,0.525,1,2
STU1211,Nisha Reddy,21,Business,1,Female,6.583,0.094,0.271,2,0,68.692,-1.15,0.158,2,1.917,5,23,-0.031,0.584,-0.004,0.412,39,-0.003,1,0.917,4,0.333,30.1,Medium,0,0.089,0,1
STU1212,Aarav Mishra,23,Computer Science,1,Male,7.0,-0.112,0.305,4,0,64.258,-0.7,0.114,4,1.583,7,19,0.136,0.641,-0.013,0.418,38,0.028,3,0.75,2,0.167,45.4,Medium,0,0.218,0,1
STU1213,Girish Mehta,23,Business,1,Male,3.333,-0.126,0.411,2,0,55.508,-0.07,0.222,9,5.75,12,69,-0.038,0.472,0.007,0.158,15,-0.024,11,0.083,5,0.417,100.0,High,1,0.538,0,2
STU1214,Amit Dubey,21,Mechanical,1,Male,5.583,-0.269,0.455,3,0,66.258,-1.735,0.201,4,1.833,5,22,0.224,0.593,-0.018,0.389,31,-0.122,2,0.833,3,0.25,45.8,Medium,0,0.243,0,1
STU1215,Rohan Rao,24,Electronics,4,Female,8.167,-0.07,0.295,4,0,81.842,-1.567,0.129,1,1.583,4,19,0.164,0.723,-0.013,0.464,41,0.122,1,0.917,2,0.167,23.1,Low,0,0.097,0,0
STU1216,Rajesh Mishra,22,Civil,1,Female,7.167,-0.35,0.314,4,0,71.933,-1.795,0.154,2,1.25,4,15,0.157,0.728,0.004,0.579,45,-0.052,2,0.833,3,0.25,33.4,Medium,0,0.182,0,1
STU1217,Naveen Pandey,25,Electronics,3,Male,6.917,-0.024,0.471,2,0,79.258,-1.444,0.127,0,1.667,6,20,0.161,0.667,-0.017,0.446,41,-0.129,1,0.917,0,0.0,20.9,Low,0,0.083,0,0
STU1218,Swati Bhat,18,Business,4,Female,4.833,-0.056,0.262,2,0,55.542,-2.269,0.22,8,3.0,12,36,-0.042,0.465,-0.019,0.179,32,0.007,4,0.667,4,0.333,82.2,High,1,0.416,0,2
STU1219,Deepak Mehta,24,Civil,2,Female,3.167,-0.196,0.443,1,0,45.833,-0.212,0.209,11,5.583,11,67,-0.178,0.335,-0.019,0.145,17,-0.101,7,0.417,7,0.583,100.0,High,1,0.586,1,2
STU1220,Harish Bhat,18,Business,2,Female,8.333,-0.322,0.356,4,0,79.683,-0.898,0.111,0,0.667,3,8,0.021,0.82,0.002,0.642,50,0.077,2,0.833,3,0.25,19.7,Low,0,0.109,0,0
STU1221,Vikram Rao,25,Mechanical,3,Female,7.5,-0.168,0.334,5,0,78.725,-0.918,0.123,1,1.083,4,13,-0.094,0.815,0.001,0.709,47,-0.15,2,0.833,2,0.167,23.9,Low,0,0.053,0,0
STU1222,Kavya Mishra,22,Computer Science,3,Male,6.917,-0.241,0.299,3,0,69.175,-0.0,0.158,2,1.583,4,19,0.066,0.596,0.001,0.464,32,-0.056,1,0.917,2,0.167,24.6,Low,0,0.116,0,0
STU1223,Shreya Nair,23,Civil,4,Female,5.833,0.007,0.364,2,0,64.983,-1.806,0.165,4,2.083,11,25,0.255,0.565,-0.009,0.336,38,-0.126,5,0.583,4,0.333,62.8,High,0,0.346,0,2
STU1224,Geeta Sharma,24,Mechanical,2,Male,6.083,-0.031,0.284,3,0,72.908,-1.616,0.153,1,1.083,3,13,0.101,0.756,-0.014,0.622,40,0.056,4,0.667,4,0.333,33.8,Medium,0,0.175,0,1
STU1225,Harish Mehta,20,Mechanical,2,Female,7.833,-0.112,0.266,5,0,75.05,-0.811,0.109,0,1.583,4,19,0.087,0.712,0.005,0.601,40,0.077,1,0.917,3,0.25,17.7,Low,0,0.105,0,0
STU1226,Riya Iyer,20,Civil,2,Female,6.5,-0.336,0.258,4,0,68.033,-0.296,0.122,2,2.167,5,26,0.014,0.678,-0.014,0.413,33,-0.304,4,0.667,7,0.583,43.7,Medium,0,0.207,0,1
STU1227,Vikram Kumar,25,Business,2,Female,8.083,-0.143,0.537,0,1,81.567,-0.985,0.149,0,0.583,2,7,-0.031,0.87,0.011,0.706,52,-0.119,2,0.833,0,0.0,19.7,Low,0,0.092,0,0
STU1228,Leela Agarwal,20,Mechanical,2,Female,5.833,-0.182,0.3,3,0,62.883,-1.743,0.192,6,1.417,5,17,-0.192,0.525,-0.002,0.344,40,0.028,4,0.667,5,0.417,59.3,Medium,0,0.306,0,1
STU1229,Ravi Iyer,23,Electronics,1,Male,8.083,-0.29,0.239,5,0,79.233,-1.522,0.153,1,0.667,2,8,-0.077,0.811,-0.003,0.659,53,-0.073,1,0.917,0,0.0,17.5,Low,0,0.027,0,0
STU1230,Tanvi Sharma,25,Mechanical,3,Female,8.333,0.154,0.286,2,0,82.667,-2.05,0.155,0,0.25,2,3,0.045,0.861,-0.01,0.679,46,-0.14,0,1.0,3,0.25,13.3,Low,0,0.09,0,0
STU1231,Vikram Shah,23,Business,1,Other,4.75,0.045,0.256,3,0,59.125,-1.801,0.17,6,3.75,6,45,-0.206,0.559,-0.026,0.368,27,-0.241,3,0.75,4,0.333,63.2,High,1,0.284,0,2
STU1232,Sneha Mishra,22,Business,2,Female,2.75,-0.227,0.414,0,1,46.792,-1.158,0.273,11,3.333,9,40,-0.105,0.35,0.016,0.139,13,-0.143,8,0.333,4,0.333,100.0,High,1,0.62,1,2
STU1233,Suresh Mishra,18,Electronics,4,Male,6.0,-0.084,0.174,4,0,63.958,-0.259,0.149,4,2.917,7,35,-0.003,0.566,-0.01,0.374,33,0.15,1,0.917,6,0.5,41.9,Medium,0,0.161,0,1
STU1234,Priya Chatterjee,22,Mechanical,4,Male,3.25,0.038,0.297,2,0,53.65,0.352,0.159,9,2.917,8,35,0.521,0.427,-0.021,0.102,19,-0.122,9,0.25,8,0.667,100.0,High,1,0.566,1,2
STU1235,Deepak Agarwal,22,Business,2,Male,4.417,0.08,0.297,2,0,58.992,-2.021,0.242,7,3.083,6,37,0.108,0.584,-0.01,0.363,38,-0.217,3,0.75,6,0.5,69.1,High,1,0.298,0,2
STU1236,Suresh Rao,23,Civil,2,Female,8.5,-0.063,0.303,5,0,80.633,-0.689,0.117,0,0.5,3,6,0.063,0.777,-0.006,0.591,48,-0.182,2,0.833,1,0.083,16.6,Low,0,0.037,0,0
STU1237,Prasad Sharma,25,Computer Science,4,Female,7.417,0.304,0.366,3,0,68.283,-0.329,0.201,4,1.25,3,15,0.003,0.715,-0.003,0.567,46,-0.007,3,0.75,6,0.5,40.6,Medium,0,0.181,0,1
STU1238,Manoj Banerjee,25,Computer Science,1,Male,7.917,-0.248,0.25,5,0,69.0,-1.094,0.178,3,1.583,6,19,-0.178,0.696,0.002,0.509,37,-0.325,3,0.75,7,0.583,44.9,Medium,0,0.201,0,1
STU1239,Naveen Rao,20,Computer Science,1,Female,4.25,-0.241,0.363,2,0,58.175,-0.845,0.216,6,1.917,4,23,-0.059,0.44,-0.017,0.219,33,-0.157,3,0.75,7,0.583,62.2,High,1,0.325,0,2
STU1240,Rohan Sharma,19,Mechanical,2,Female,7.25,-0.003,0.445,2,0,72.25,-1.699,0.184,2,1.0,3,12,0.133,0.671,-0.016,0.466,41,0.087,0,1.0,1,0.083,22.0,Low,0,0.051,0,0
STU1241,Manoj Reddy,18,Electronics,1,Female,5.167,-0.161,0.368,2,0,66.267,-0.997,0.157,3,3.0,9,36,-0.133,0.599,0.007,0.481,36,0.084,3,0.75,4,0.333,48.3,Medium,0,0.24,0,1
STU1242,Divya Verma,23,Business,4,Female,5.167,-0.028,0.451,1,0,62.058,-1.03,0.145,7,2.167,5,26,0.014,0.49,-0.017,0.249,37,-0.185,3,0.75,6,0.5,61.5,High,0,0.273,0,2
STU1243,Swati Shah,20,Civil,1,Female,8.917,-0.374,0.399,3,0,79.225,-0.624,0.075,0,0.583,2,7,-0.017,0.812,-0.005,0.67,39,0.164,2,0.833,1,0.083,16.4,Low,0,0.023,0,0
STU1244,Neha Bhat,24,Civil,2,Female,5.167,-0.049,0.358,3,0,60.583,-0.951,0.181,6,2.667,7,32,0.042,0.535,-0.003,0.415,30,0.021,6,0.5,2,0.167,66.8,High,0,0.378,0,2
STU1245,Priya Banerjee,19,Mechanical,4,Male,7.917,-0.164,0.238,4,0,77.6,-0.063,0.138,1,0.667,2,8,0.056,0.823,0.005,0.728,47,0.129,1,0.917,2,0.167,14.3,Low,0,0.092,0,0
STU1246,Prasad Dubey,19,Computer Science,1,Female,5.0,-0.112,0.33,3,0,49.7,-0.906,0.22,10,2.417,6,29,0.15,0.492,0.005,0.286,35,-0.367,8,0.333,5,0.417,97.4,High,1,0.502,1,2
STU1247,Nikhil Reddy,23,Mechanical,3,Female,5.583,-0.276,0.542,1,0,69.842,-1.346,0.16,3,2.0,5,24,-0.126,0.647,-0.006,0.45,52,0.049,2,0.833,1,0.083,37.3,Medium,0,0.157,0,1
STU1248,Swati Iyer,21,Electronics,4,Female,6.917,0.024,0.168,5,0,71.458,-0.413,0.155,2,2.417,8,29,-0.311,0.652,-0.015,0.424,39,-0.15,3,0.75,3,0.25,37.0,Medium,0,0.157,0,1
STU1249,Rajesh Patel,18,Electronics,4,Female,8.0,-0.007,0.22,5,0,74.342,-1.947,0.134,1,1.75,6,21,0.094,0.701,0.011,0.515,45,0.01,1,0.917,1,0.083,24.9,Low,0,0.105,0,0
STU1250,Kiran Kumar,19,Business,3,Female,4.75,-0.066,0.325,1,0,57.758,-0.053,0.191,6,2.25,5,27,0.122,0.499,-0.019,0.27,26,-0.035,4,0.667,7,0.583,61.2,High,1,0.29,0,2
STU1251,Siddharth Yadav,23,Business,3,Male,6.75,-0.052,0.237,5,0,67.817,-2.281,0.141,2,0.417,2,5,0.045,0.68,0.002,0.485,47,-0.101,2,0.833,0,0.0,28.4,Low,0,0.167,0,0
STU1252,Geeta Tiwari,23,Electronics,4,Male,3.417,-0.052,0.44,1,0,47.942,-1.919,0.309,9,4.417,8,53,-0.206,0.322,-0.013,0.0,24,-0.049,4,0.667,7,0.583,98.8,High,1,0.502,1,2
STU1253,Geeta Iyer,20,Electronics,3,Male,6.75,-0.346,0.456,2,0,71.517,-0.862,0.107,1,1.333,4,16,0.189,0.634,-0.001,0.512,44,0.063,1,0.917,2,0.167,23.8,Low,0,0.061,0,0
STU1254,Naveen Gupta,24,Electronics,2,Male,7.917,-0.178,0.33,4,0,76.183,-1.077,0.084,0,0.917,4,11,0.094,0.728,-0.012,0.568,55,-0.157,3,0.75,3,0.25,25.5,Low,0,0.147,0,0
STU1255,Suresh Singh,21,Mechanical,2,Female,3.75,-0.052,0.304,2,0,58.908,-1.772,0.25,5,4.75,8,57,-0.073,0.513,-0.002,0.373,29,-0.052,4,0.667,5,0.417,70.6,High,1,0.346,0,2
STU1256,Prasad Mishra,18,Electronics,2,Other,3.5,-0.217,0.395,1,0,49.383,-0.065,0.226,10,4.75,8,57,0.066,0.41,-0.008,0.262,21,0.101,4,0.667,7,0.583,92.7,High,1,0.402,1,2
STU1257,Geeta Das,25,Civil,4,Male,5.833,0.273,0.342,3,0,60.55,-1.479,0.18,6,2.417,5,29,0.108,0.612,-0.006,0.392,34,-0.126,0,1.0,3,0.25,46.2,Medium,0,0.192,0,1
STU1258,Girish Yadav,22,Computer Science,3,Male,4.083,-0.143,0.285,3,0,51.592,-2.352,0.278,9,2.0,5,24,-0.014,0.421,-0.006,0.22,18,0.035,7,0.417,8,0.667,96.6,High,1,0.525,1,2
STU1259,Riya Mehta,24,Electronics,3,Female,5.083,-0.01,0.271,2,0,62.642,-0.725,0.175,3,2.083,5,25,0.073,0.544,-0.015,0.383,31,0.01,6,0.5,5,0.417,53.9,Medium,0,0.3,0,1
STU1260,Neha Chatterjee,24,Computer Science,1,Male,4.667,-0.028,0.308,3,0,62.625,-1.384,0.182,6,1.833,6,22,0.014,0.597,-0.008,0.453,29,0.038,7,0.417,3,0.25,70.8,High,1,0.356,0,2
STU1261,Rahul Dubey,20,Mechanical,1,Female,6.0,0.091,0.293,3,0,68.933,-1.883,0.179,4,1.0,4,12,0.168,0.68,0.0,0.527,43,-0.108,2,0.833,3,0.25,40.0,Medium,0,0.21,0,1
STU1262,Nisha Singh,25,Computer Science,3,Female,6.417,-0.101,0.367,3,0,64.183,-1.257,0.2,4,1.5,4,18,0.14,0.568,0.004,0.428,43,-0.164,5,0.583,1,0.083,50.7,Medium,0,0.252,0,1
STU1263,Harish Chatterjee,19,Mechanical,3,Female,7.333,-0.329,0.521,0,1,75.283,-1.378,0.123,2,0.75,3,9,-0.045,0.706,-0.015,0.551,50,-0.126,2,0.833,2,0.167,31.8,Medium,0,0.189,0,1
STU1264,Varun Mishra,19,Civil,3,Male,7.917,-0.094,0.255,6,0,79.667,-0.574,0.154,1,0.917,3,11,-0.031,0.725,-0.008,0.548,50,0.091,2,0.833,1,0.083,19.7,Low,0,0.071,0,0
STU1265,Nisha Pandey,20,Mechanical,4,Male,6.75,-0.15,0.269,3,0,65.342,-1.805,0.183,3,1.917,4,23,-0.003,0.663,-0.005,0.467,44,-0.021,3,0.75,4,0.333,43.5,Medium,0,0.241,0,1
STU1266,Rahul Banerjee,23,Mechanical,3,Female,6.833,-0.035,0.256,3,0,78.492,-0.381,0.129,0,1.083,3,13,-0.01,0.762,0.002,0.603,56,0.077,1,0.917,2,0.167,12.9,Low,0,0.11,0,0
STU1267,Geeta Rao,19,Business,1,Female,6.167,-0.147,0.308,4,0,59.875,-0.028,0.211,6,2.25,5,27,-0.045,0.501,0.001,0.33,28,-0.014,2,0.833,5,0.417,50.0,Medium,1,0.195,0,1
STU1268,Tanvi Rao,21,Electronics,4,Male,4.917,-0.185,0.294,2,0,59.333,-0.366,0.131,5,2.583,6,31,0.045,0.539,-0.005,0.311,37,0.136,3,0.75,3,0.25,51.7,Medium,1,0.272,0,1
STU1269,Arjun Nair,18,Electronics,3,Female,5.333,-0.294,0.361,2,0,57.967,-1.66,0.166,6,3.167,8,38,0.322,0.49,-0.009,0.284,31,0.101,5,0.583,4,0.333,72.7,High,1,0.34,0,2
STU1270,Deepak Bhat,24,Civil,1,Male,5.25,0.094,0.326,2,0,61.483,0.364,0.112,7,2.333,7,28,-0.049,0.613,0.006,0.421,38,0.077,6,0.5,5,0.417,68.4,High,0,0.374,0,2
STU1271,Ravi Agarwal,24,Civil,4,Female,4.083,-0.143,0.369,1,0,51.683,0.271,0.142,11,3.917,8,47,-0.164,0.456,-0.019,0.256,21,-0.031,4,0.667,3,0.25,87.0,High,1,0.462,1,2
STU1272,Tanvi Pillai,21,Electronics,3,Male,4.25,-0.136,0.403,2,0,49.992,-0.615,0.248,9,3.833,10,46,-0.168,0.416,-0.008,0.236,29,-0.178,6,0.5,4,0.333,93.1,High,1,0.541,1,2
STU1273,Kavya Tiwari,25,Business,3,Female,3.333,-0.077,0.411,2,0,53.517,-0.778,0.205,9,3.833,13,46,0.063,0.462,-0.008,0.305,24,0.133,5,0.583,7,0.583,94.9,High,1,0.482,1,2
STU1274,Vikram Singh,19,Electronics,3,Male,4.833,0.014,0.262,3,0,64.583,-2.334,0.205,5,2.917,8,35,0.017,0.534,-0.007,0.369,24,-0.07,5,0.583,2,0.167,63.9,High,0,0.3,0,2
STU1275,Neha Agarwal,24,Business,4,Male,6.75,0.136,0.246,3,0,70.742,-0.923,0.143,2,2.667,6,32,0.084,0.614,-0.016,0.328,36,-0.175,1,0.917,4,0.333,32.0,Medium,0,0.149,0,1
STU1276,Shreya Kumar,22,Civil,1,Male,6.083,0.115,0.347,3,0,66.275,-1.294,0.16,2,2.417,6,29,0.017,0.588,-0.006,0.426,37,-0.101,3,0.75,3,0.25,40.4,Medium,0,0.279,0,1
STU1277,Riya Mishra,25,Computer Science,1,Male,6.667,-0.483,0.346,3,0,68.717,-0.997,0.214,3,1.167,6,14,0.175,0.7,-0.0,0.575,44,0.098,1,0.917,2,0.167,33.9,Medium,0,0.177,0,1
STU1278,Girish Shah,18,Civil,2,Female,6.417,-0.514,0.412,3,0,74.033,-1.479,0.125,1,0.333,1,4,-0.021,0.683,0.004,0.568,45,-0.122,0,1.0,1,0.083,15.3,Low,0,0.116,0,0
STU1279,Girish Bhat,18,Civil,3,Other,6.5,0.182,0.368,3,0,60.625,-1.755,0.138,5,2.25,5,27,0.213,0.621,0.002,0.463,31,-0.143,4,0.667,4,0.333,58.5,Medium,0,0.325,0,1
STU1280,Ravi Mehta,24,Mechanical,2,Male,6.583,0.059,0.314,3,0,69.958,-2.685,0.19,3,1.417,6,17,-0.045,0.632,0.014,0.398,40,0.063,2,0.833,4,0.333,41.3,Medium,0,0.139,0,1
STU1281,Prasad Dubey,20,Mechanical,2,Male,6.333,-0.035,0.383,3,0,65.583,-0.303,0.195,4,1.417,4,17,-0.003,0.667,-0.0,0.55,33,0.01,1,0.917,2,0.167,32.7,Medium,0,0.139,0,1
STU1282,Swati Verma,25,Mechanical,1,Female,4.5,-0.014,0.439,1,0,62.825,-2.559,0.197,5,2.75,6,33,0.038,0.548,-0.017,0.326,32,-0.07,4,0.667,3,0.25,62.4,High,0,0.316,0,2
STU1283,Siddharth Das,24,Mechanical,4,Female,3.667,-0.056,0.212,2,0,50.75,-0.121,0.235,9,4.667,9,56,0.021,0.364,-0.004,0.211,17,-0.227,9,0.25,9,0.75,100.0,High,1,0.544,1,2
STU1284,Neha Gupta,20,Business,4,Female,5.25,-0.052,0.336,3,0,61.492,-0.572,0.173,7,3.0,8,36,-0.21,0.554,0.005,0.38,38,0.133,7,0.417,6,0.5,78.3,High,1,0.418,0,2
STU1285,Divya Rao,24,Electronics,1,Male,6.833,-0.168,0.317,3,0,71.492,-2.33,0.207,3,1.5,4,18,0.098,0.642,-0.012,0.494,40,-0.189,0,1.0,2,0.167,31.0,Medium,0,0.048,0,1
STU1286,Nikhil Joshi,22,Computer Science,4,Male,5.0,-0.203,0.443,2,0,63.675,-0.641,0.141,3,2.75,10,33,-0.318,0.515,-0.014,0.375,29,-0.024,7,0.417,4,0.333,64.8,High,1,0.347,0,2
STU1287,Kiran Bhat,25,Civil,2,Female,7.583,0.059,0.272,5,0,74.067,0.169,0.119,1,1.167,4,14,0.126,0.747,-0.012,0.517,29,-0.136,1,0.917,2,0.167,17.8,Low,0,0.092,0,0
STU1288,Rahul Reddy,23,Business,3,Male,7.5,-0.385,0.298,5,0,74.4,0.436,0.125,1,1.75,5,21,0.087,0.713,-0.008,0.492,50,-0.196,1,0.917,0,0.0,19.8,Low,0,0.023,0,0
STU1289,Arjun Das,18,Computer Science,1,Female,5.167,-0.189,0.307,3,0,58.583,-1.967,0.245,7,2.5,7,30,0.007,0.52,0.013,0.303,38,-0.168,5,0.583,4,0.333,72.6,High,1,0.373,0,2
STU1290,Anjali Patel,24,Business,3,Male,7.5,-0.287,0.324,4,0,76.458,-1.736,0.11,0,2.0,4,24,-0.091,0.628,0.007,0.471,40,-0.196,0,1.0,2,0.167,18.2,Low,0,0.083,0,0
STU1291,Vikram Mehta,22,Business,4,Female,4.417,-0.157,0.354,2,0,56.942,-1.877,0.172,6,3.583,12,43,0.143,0.462,-0.006,0.33,21,0.01,5,0.583,5,0.417,80.3,High,1,0.425,0,2
STU1292,Lakshmi Banerjee,20,Civil,3,Male,3.0,-0.224,0.402,1,0,49.367,-1.479,0.361,8,5.667,11,68,0.238,0.308,-0.002,0.128,20,-0.175,8,0.333,5,0.417,100.0,High,1,0.528,1,2
STU1293,Meera Mishra,20,Electronics,4,Female,1.417,-0.129,0.636,0,2,40.008,-0.549,0.338,12,5.917,16,71,0.619,0.166,0.003,0.002,13,0.101,10,0.167,6,0.5,100.0,High,1,0.659,1,2
STU1294,Aarav Pandey,18,Mechanical,4,Female,2.417,-0.178,0.412,1,0,47.042,-1.686,0.234,11,5.083,9,61,-0.003,0.296,-0.017,0.133,19,-0.094,9,0.25,7,0.583,100.0,High,1,0.64,1,2
STU1295,Nikhil Nair,21,Electronics,2,Female,3.25,-0.08,0.589,0,2,51.133,-0.494,0.314,8,5.0,10,60,0.175,0.374,-0.012,0.195,20,-0.175,5,0.583,8,0.667,100.0,High,1,0.553,1,2
STU1296,Nisha Shah,24,Civil,4,Male,7.0,-0.182,0.292,3,0,72.375,-0.483,0.176,2,2.0,7,24,0.098,0.622,-0.009,0.496,33,0.003,1,0.917,5,0.417,30.9,Medium,0,0.088,0,1
STU1297,Sneha Kumar,25,Civil,2,Female,4.917,-0.22,0.341,3,0,58.492,-1.108,0.22,6,2.083,6,25,0.122,0.482,-0.01,0.236,20,0.14,7,0.417,3,0.25,73.8,High,1,0.36,0,2
STU1298,Ananya Banerjee,19,Civil,2,Female,6.417,-0.255,0.293,3,0,64.35,-1.2,0.111,3,0.75,2,9,0.08,0.629,-0.022,0.481,27,0.08,2,0.833,2,0.167,33.7,Medium,0,0.201,0,1
STU1299,Girish Iyer,20,Computer Science,2,Female,6.083,-0.143,0.293,3,0,63.692,-0.3,0.116,4,2.833,6,34,0.161,0.576,-0.006,0.329,42,-0.112,5,0.583,5,0.417,55.9,Medium,0,0.232,0,1
STU1300,Rajesh Banerjee,25,Electronics,1,Female,6.667,0.007,0.281,4,0,77.05,-1.691,0.142,1,1.083,4,13,0.122,0.657,0.014,0.548,43,-0.29,1,0.917,4,0.333,24.3,Low,0,0.111,0,0
STU1301,Girish Singh,25,Electronics,1,Female,5.417,-0.003,0.266,3,0,54.117,0.377,0.235,8,3.25,6,39,0.038,0.495,-0.007,0.315,29,0.017,5,0.583,3,0.25,70.6,High,1,0.318,1,2
STU1302,Rahul Das,23,Business,4,Female,4.583,-0.115,0.217,3,0,53.483,-1.148,0.214,7,5.0,11,60,0.126,0.435,-0.005,0.209,22,-0.133,4,0.667,5,0.417,81.7,High,1,0.361,1,2
STU1303,Deepak Agarwal,25,Business,2,Male,4.667,0.042,0.402,2,0,48.708,-2.962,0.266,10,3.75,7,45,-0.066,0.488,-0.023,0.229,23,-0.241,4,0.667,4,0.333,91.3,High,1,0.436,1,2
STU1304,Deepak Reddy,25,Business,1,Female,6.083,0.269,0.325,3,0,64.392,-0.488,0.082,3,2.25,5,27,-0.185,0.575,0.001,0.468,32,-0.28,3,0.75,6,0.5,43.7,Medium,0,0.238,0,1
STU1305,Girish Sharma,23,Civil,2,Female,8.333,0.329,0.258,4,0,80.008,1.04,0.125,0,0.833,3,10,-0.126,0.814,0.001,0.727,48,-0.294,1,0.917,2,0.167,12.0,Low,0,0.075,0,0
STU1306,Rohan Shah,20,Electronics,3,Male,7.75,-0.199,0.27,4,0,75.65,-3.054,0.165,2,0.667,2,8,0.028,0.71,-0.009,0.478,37,-0.094,2,0.833,2,0.167,30.8,Medium,0,0.131,0,1
STU1307,Deepak Chatterjee,25,Civil,3,Male,2.667,-0.21,0.433,1,0,52.317,-1.769,0.195,8,4.167,8,50,0.168,0.346,-0.015,0.104,13,0.024,7,0.417,7,0.583,100.0,High,1,0.514,1,2
STU1308,Nisha Yadav,21,Computer Science,3,Male,6.5,0.161,0.297,4,0,66.125,-0.567,0.143,3,1.833,4,22,-0.147,0.706,0.003,0.565,41,-0.15,2,0.833,4,0.333,35.7,Medium,0,0.147,0,1
STU1309,Manoj Joshi,21,Business,4,Female,6.083,0.059,0.339,3,0,70.767,-1.093,0.134,1,2.167,9,26,-0.189,0.65,-0.01,0.459,31,-0.08,2,0.833,1,0.083,31.7,Medium,0,0.151,0,1
STU1310,Ananya Rao,22,Civil,2,Female,3.083,-0.003,0.323,2,0,46.033,-0.648,0.374,10,4.083,11,49,-0.36,0.317,0.001,0.103,7,0.031,7,0.417,10,0.833,100.0,High,1,0.59,1,2
STU1311,Sunita Shah,23,Civil,3,Female,4.917,-0.038,0.341,2,0,62.392,-3.158,0.282,6,2.583,10,31,-0.143,0.527,-0.006,0.374,48,0.049,4,0.667,4,0.333,70.2,High,0,0.293,0,2
STU1312,Shreya Mishra,22,Computer Science,1,Female,4.917,0.031,0.373,0,1,56.717,-2.579,0.342,8,3.5,8,42,-0.147,0.548,0.003,0.395,30,0.021,5,0.583,5,0.417,84.8,High,1,0.387,0,2
STU1313,Shreya Verma,23,Mechanical,3,Male,4.833,-0.119,0.247,3,0,56.983,-1.279,0.162,7,4.0,8,48,-0.049,0.456,-0.004,0.299,21,-0.059,4,0.667,5,0.417,73.1,High,1,0.342,0,2
STU1314,Naveen Kumar,24,Electronics,3,Male,4.667,-0.056,0.279,2,0,57.517,-2.365,0.272,8,2.5,9,30,0.301,0.579,-0.005,0.354,32,-0.042,7,0.417,6,0.5,90.9,High,1,0.45,0,2
STU1315,Prasad Banerjee,24,Mechanical,3,Male,6.917,-0.255,0.305,5,0,73.842,-0.563,0.132,0,0.833,3,10,-0.091,0.681,-0.01,0.493,42,-0.042,0,1.0,3,0.25,12.1,Low,0,0.012,0,0
STU1316,Varun Das,25,Business,4,Male,7.5,-0.105,0.287,4,0,78.825,-1.121,0.159,1,2.083,6,25,0.108,0.718,0.007,0.497,45,-0.101,1,0.917,3,0.25,25.6,Low,0,0.093,0,0
STU1317,Pooja Pillai,19,Civil,1,Male,4.167,-0.14,0.367,2,0,52.283,-1.758,0.188,10,2.917,11,35,-0.297,0.455,-0.001,0.26,27,-0.129,3,0.75,4,0.333,86.6,High,1,0.405,0,2
STU1318,Ravi Sharma,24,Computer Science,2,Male,8.0,-0.245,0.177,6,0,75.925,-2.421,0.147,1,0.417,2,5,-0.087,0.766,-0.005,0.663,46,-0.21,3,0.75,1,0.083,27.5,Low,0,0.148,0,0
STU1319,Rohan Mishra,19,Computer Science,1,Female,7.667,0.042,0.353,3,0,75.567,-0.828,0.136,0,1.25,5,15,0.08,0.695,0.006,0.575,50,-0.084,3,0.75,3,0.25,25.3,Low,0,0.14,0,0
STU1320,Riya Verma,24,Electronics,2,Female,6.75,-0.136,0.323,2,0,69.017,-0.8,0.164,3,1.333,3,16,-0.028,0.65,-0.012,0.489,39,0.185,4,0.667,2,0.167,39.0,Medium,0,0.166,0,1
STU1321,Neha Iyer,18,Mechanical,4,Other,6.083,-0.115,0.178,4,0,68.383,-0.481,0.124,3,3.417,6,41,-0.045,0.592,0.006,0.428,34,0.168,3,0.75,6,0.5,44.3,Medium,0,0.207,0,1
STU1322,Sunita Mishra,24,Electronics,4,Female,5.667,-0.315,0.339,3,0,66.425,-1.412,0.119,3,2.0,5,24,-0.105,0.568,-0.005,0.396,33,-0.073,3,0.75,2,0.167,42.6,Medium,0,0.22,0,1
STU1323,Meera Joshi,22,Civil,4,Female,4.5,-0.084,0.292,2,0,60.15,-0.299,0.167,5,3.5,7,42,0.252,0.491,-0.009,0.15,24,-0.014,4,0.667,3,0.25,61.0,High,0,0.281,0,2
STU1324,Neha Yadav,20,Electronics,4,Male,3.917,-0.01,0.48,2,0,55.592,-2.047,0.243,7,2.667,5,32,0.063,0.421,-0.028,0.061,19,0.171,6,0.5,6,0.5,85.1,High,1,0.432,0,2
STU1325,Deepak Tiwari,25,Computer Science,2,Female,6.833,-0.378,0.368,3,0,72.092,-1.519,0.156,1,1.583,6,19,0.073,0.681,-0.006,0.549,48,-0.133,0,1.0,2,0.167,24.2,Low,0,0.124,0,0
STU1326,Meera Kumar,22,Computer Science,3,Female,6.25,-0.031,0.321,3,0,64.992,-0.126,0.092,3,2.333,6,28,0.182,0.577,-0.003,0.328,40,0.14,3,0.75,4,0.333,41.9,Medium,0,0.15,0,1
STU1327,Rajesh Reddy,20,Business,2,Male,4.5,-0.189,0.276,2,0,60.683,-2.022,0.22,5,2.667,7,32,-0.077,0.502,-0.007,0.291,31,-0.143,2,0.833,5,0.417,57.1,Medium,0,0.317,0,1
STU1328,Deepak Mehta,21,Business,1,Male,5.5,0.063,0.359,1,0,56.192,-2.286,0.23,8,3.083,7,37,0.395,0.509,-0.002,0.415,20,0.049,5,0.583,4,0.333,79.8,High,1,0.422,0,2
STU1329,Geeta Pandey,22,Civil,4,Female,6.833,-0.133,0.341,2,0,70.292,-0.993,0.155,2,1.417,5,17,-0.031,0.608,0.007,0.374,39,0.073,6,0.5,3,0.25,45.4,Medium,0,0.243,0,1
STU1330,Nikhil Gupta,21,Mechanical,4,Male,3.667,-0.084,0.391,1,0,47.783,-4.479,0.381,9,4.083,10,49,0.206,0.376,-0.003,0.214,23,0.087,6,0.5,5,0.417,100.0,High,1,0.577,1,2
STU1331,Manoj Tiwari,19,Electronics,1,Female,7.25,0.031,0.421,2,0,82.275,-1.486,0.136,0,0.417,2,5,0.01,0.797,0.006,0.67,43,-0.045,0,1.0,2,0.167,11.2,Low,0,0.005,0,0
STU1332,Varun Shah,19,Civil,2,Female,5.833,-0.028,0.309,2,0,73.742,-3.26,0.185,2,2.583,5,31,0.101,0.616,0.003,0.419,37,0.038,1,0.917,5,0.417,37.2,Medium,0,0.148,0,1
STU1333,Deepak Mishra,18,Business,3,Male,8.083,-0.458,0.327,3,0,73.65,-1.685,0.225,3,0.583,2,7,-0.017,0.706,-0.014,0.502,48,-0.007,3,0.75,1,0.083,34.3,Medium,0,0.116,0,1
STU1334,Swati Shah,24,Electronics,3,Male,5.417,0.171,0.329,3,0,53.442,-2.655,0.236,7,2.167,6,26,-0.042,0.501,-0.005,0.259,34,0.119,3,0.75,9,0.75,71.6,High,1,0.384,0,2
STU1335,Prasad Joshi,22,Business,1,Male,5.917,-0.199,0.301,4,0,54.117,-1.258,0.149,10,2.25,6,27,0.276,0.521,0.01,0.278,26,-0.119,5,0.583,5,0.417,83.3,High,1,0.384,1,2
STU1336,Ishaan Banerjee,21,Electronics,3,Male,6.833,0.035,0.285,2,0,71.3,-0.605,0.13,2,2.333,6,28,0.147,0.647,-0.014,0.487,42,0.0,3,0.75,2,0.167,35.4,Medium,0,0.195,0,1
STU1337,Vikram Pillai,20,Mechanical,2,Male,7.25,-0.283,0.391,2,0,80.267,0.292,0.131,1,0.917,3,11,0.003,0.763,0.005,0.656,55,-0.094,0,1.0,1,0.083,12.5,Low,0,0.044,0,0
STU1338,Nisha Patel,19,Civil,2,Female,6.917,0.045,0.377,3,0,69.258,0.281,0.11,1,0.75,2,9,-0.115,0.708,-0.016,0.54,34,0.035,2,0.833,3,0.25,20.9,Low,0,0.104,0,0
STU1339,Divya Yadav,24,Electronics,1,Male,7.667,-0.573,0.391,4,0,77.458,-1.509,0.138,1,1.0,4,12,0.042,0.695,-0.011,0.526,44,-0.168,1,0.917,5,0.417,26.8,Low,0,0.081,0,0
STU1340,Harish Das,19,Computer Science,2,Female,7.333,-0.238,0.331,2,0,77.008,-1.228,0.149,0,1.0,3,12,0.021,0.7,0.004,0.572,26,-0.042,3,0.75,4,0.333,25.3,Low,0,0.202,0,0
STU1341,Vikram Dubey,20,Computer Science,4,Male,6.417,-0.164,0.244,3,0,65.367,-0.685,0.163,5,1.417,5,17,0.101,0.539,-0.003,0.449,38,0.098,2,0.833,5,0.417,44.7,Medium,0,0.18,0,1
STU1342,Manoj Pandey,24,Electronics,1,Female,4.167,0.133,0.268,3,0,56.558,-1.479,0.238,7,4.0,7,48,-0.056,0.45,-0.003,0.207,19,-0.101,8,0.333,3,0.25,90.4,High,1,0.497,0,2
STU1343,Aarav Das,24,Electronics,2,Male,4.583,0.143,0.451,2,0,57.283,-0.95,0.236,9,3.167,7,38,0.07,0.517,0.008,0.383,39,-0.073,0,1.0,6,0.5,63.8,High,1,0.271,0,2
STU1344,Sunita Pillai,21,Electronics,1,Male,6.583,-0.101,0.263,4,0,61.483,0.255,0.134,4,1.583,5,19,0.003,0.604,-0.016,0.429,42,-0.063,6,0.5,3,0.25,53.2,Medium,0,0.34,0,1
STU1345,Siddharth Tiwari,21,Computer Science,3,Female,3.333,-0.231,0.322,2,0,52.558,-1.144,0.266,9,3.75,8,45,-0.15,0.339,0.006,0.121,22,-0.161,6,0.5,6,0.5,98.4,High,1,0.552,1,2
STU1346,Rajesh Pandey,22,Computer Science,2,Female,6.167,-0.434,0.473,0,1,76.683,-0.269,0.091,0,0.833,3,10,0.105,0.701,-0.011,0.485,48,-0.007,0,1.0,2,0.167,14.8,Low,0,0.02,0,0
STU1347,Anjali Chatterjee,22,Electronics,4,Male,8.417,-0.024,0.218,5,0,73.825,-0.854,0.167,2,0.5,3,6,0.084,0.736,0.01,0.585,49,-0.143,1,0.917,2,0.167,21.2,Low,0,0.084,0,0
STU1348,Rahul Sharma,23,Business,2,Female,7.667,-0.28,0.218,4,0,71.625,-1.93,0.148,2,1.667,5,20,-0.042,0.723,-0.003,0.601,35,0.045,2,0.833,1,0.083,32.6,Medium,0,0.163,0,1
STU1349,Leela Gupta,25,Business,1,Male,4.0,-0.21,0.302,2,0,45.167,-1.094,0.191,11,3.25,9,39,-0.633,0.335,-0.003,0.153,23,-0.052,6,0.5,5,0.417,100.0,High,1,0.559,1,2
STU1350,Prasad Sharma,23,Mechanical,1,Female,6.083,-0.15,0.325,3,0,68.417,0.203,0.119,1,1.583,4,19,0.199,0.656,-0.005,0.417,38,-0.07,2,0.833,1,0.083,24.4,Low,0,0.108,0,0
STU1351,Shreya Mishra,18,Civil,2,Male,5.75,-0.031,0.211,4,0,65.542,-1.963,0.192,6,2.583,6,31,0.017,0.543,0.002,0.385,24,-0.063,5,0.583,2,0.167,62.4,High,0,0.289,0,2
STU1352,Ananya Chatterjee,19,Business,4,Male,5.667,-0.028,0.421,3,0,66.792,0.23,0.181,4,2.833,5,34,0.007,0.64,0.002,0.481,41,-0.157,5,0.583,6,0.5,53.2,Medium,0,0.269,0,1
STU1353,Vikram Mehta,22,Computer Science,4,Female,8.667,-0.063,0.102,7,0,73.592,-1.216,0.105,0,1.0,3,12,0.126,0.687,0.011,0.54,43,-0.024,2,0.833,2,0.167,19.2,Low,0,0.062,0,0
STU1354,Lakshmi Singh,21,Business,4,Female,5.25,0.024,0.283,2,0,53.392,-1.891,0.207,10,2.667,7,32,-0.021,0.529,-0.012,0.338,29,-0.052,6,0.5,3,0.25,86.9,High,1,0.432,1,2
STU1355,Riya Mehta,20,Mechanical,1,Male,7.333,0.098,0.32,4,0,71.525,-0.902,0.099,0,1.917,5,23,0.206,0.735,-0.014,0.486,38,-0.035,5,0.583,6,0.5,38.2,Medium,0,0.228,0,1
STU1356,Naveen Iyer,21,Mechanical,2,Female,4.833,-0.196,0.277,3,0,59.433,-0.432,0.219,6,3.667,7,44,-0.091,0.484,-0.007,0.208,28,-0.266,9,0.25,3,0.25,85.4,High,1,0.48,0,2
STU1357,Divya Banerjee,19,Civil,3,Female,7.25,-0.178,0.243,4,0,76.417,-2.032,0.17,1,0.333,2,4,-0.098,0.783,0.0,0.529,49,0.178,4,0.667,2,0.167,29.9,Low,0,0.172,0,0
STU1358,Nikhil Tiwari,23,Business,1,Male,6.667,-0.091,0.215,5,0,78.967,-0.701,0.119,0,0.75,2,9,0.003,0.753,-0.006,0.572,47,-0.129,1,0.917,2,0.167,12.7,Low,0,0.028,0,0
STU1359,Pooja Gupta,21,Computer Science,4,Female,5.917,-0.444,0.429,3,0,68.992,-2.452,0.192,3,1.417,4,17,0.01,0.634,-0.004,0.548,38,0.105,2,0.833,4,0.333,41.4,Medium,0,0.129,0,1
STU1360,Aarav Banerjee,25,Computer Science,2,Male,4.75,0.052,0.45,2,0,63.1,-1.755,0.239,6,1.917,5,23,0.227,0.566,0.003,0.355,36,-0.175,4,0.667,5,0.417,62.5,High,0,0.305,0,2
STU1361,Rahul Kumar,18,Electronics,4,Female,3.917,-0.08,0.317,2,0,55.942,0.942,0.206,8,3.75,11,45,-0.311,0.404,-0.01,0.162,18,0.147,10,0.167,5,0.417,100.0,High,1,0.538,0,2
STU1362,Aarav Chatterjee,19,Computer Science,3,Female,5.75,-0.136,0.44,0,1,71.283,-2.869,0.2,4,2.083,6,25,-0.066,0.702,-0.002,0.52,38,0.203,2,0.833,4,0.333,50.4,Medium,0,0.217,0,1
STU1363,Pallavi Patel,23,Civil,4,Female,6.583,-0.073,0.271,4,0,75.05,-1.548,0.102,0,1.25,4,15,-0.01,0.703,-0.004,0.583,50,0.042,2,0.833,1,0.083,20.7,Low,0,0.143,0,0
STU1364,Deepak Reddy,25,Civil,4,Male,2.25,-0.066,0.335,1,0,38.833,-0.027,0.291,11,6.083,19,73,-0.108,0.333,-0.031,0.091,11,0.066,9,0.25,7,0.583,100.0,High,1,0.627,1,2
STU1365,Girish Patel,20,Computer Science,3,Male,4.583,-0.164,0.479,2,0,54.825,-1.063,0.229,7,1.667,6,20,0.28,0.55,0.002,0.338,31,-0.108,2,0.833,3,0.25,60.3,High,1,0.275,0,2
STU1366,Rohan Das,23,Computer Science,2,Male,5.167,-0.175,0.349,2,0,60.025,-1.609,0.217,6,2.5,5,30,0.07,0.56,0.005,0.427,41,0.129,6,0.5,9,0.75,73.0,High,0,0.347,0,2
STU1367,Neha Sharma,24,Electronics,1,Male,4.833,-0.014,0.303,3,0,59.025,-1.707,0.201,6,3.167,5,38,0.175,0.49,0.002,0.102,36,-0.133,7,0.417,6,0.5,79.9,High,1,0.385,0,2
STU1368,Vikram Chatterjee,25,Computer Science,2,Male,6.333,0.098,0.264,4,0,62.275,-0.323,0.197,5,1.333,5,16,0.049,0.587,-0.008,0.313,30,-0.077,4,0.667,3,0.25,49.6,Medium,0,0.297,0,1
STU1369,Riya Pillai,25,Electronics,3,Female,6.75,-0.094,0.22,5,0,72.508,-0.835,0.179,2,1.583,6,19,-0.073,0.632,-0.007,0.433,31,0.017,4,0.667,3,0.25,37.7,Medium,0,0.115,0,1
STU1370,Naveen Tiwari,18,Electronics,4,Male,6.583,-0.031,0.238,4,0,72.717,-1.394,0.113,1,1.083,5,13,-0.01,0.682,-0.006,0.621,52,-0.063,2,0.833,5,0.417,28.5,Low,0,0.121,0,0
STU1371,Pooja Patel,19,Computer Science,2,Male,6.417,-0.136,0.361,4,0,78.775,-0.544,0.135,0,1.417,3,17,-0.094,0.736,-0.034,0.481,42,-0.091,1,0.917,2,0.167,15.8,Low,0,0.1,0,0
STU1372,Siddharth Banerjee,20,Mechanical,1,Female,7.333,-0.07,0.452,3,0,79.9,-2.396,0.179,1,1.5,4,18,0.014,0.737,-0.002,0.608,39,-0.178,0,1.0,1,0.083,21.7,Low,0,0.035,0,0
STU1373,Girish Joshi,18,Mechanical,3,Male,6.667,-0.196,0.215,5,0,70.217,-1.574,0.18,2,1.417,4,17,-0.017,0.68,0.012,0.482,48,-0.028,4,0.667,2,0.167,38.1,Medium,0,0.195,0,1
STU1374,Leela Joshi,23,Electronics,2,Female,7.667,-0.098,0.331,4,0,74.192,-0.756,0.168,2,1.417,5,17,-0.066,0.767,-0.003,0.657,46,0.161,3,0.75,1,0.083,30.8,Medium,0,0.137,0,1
STU1375,Leela Das,18,Computer Science,1,Male,4.333,-0.084,0.227,3,0,53.658,-2.328,0.303,7,2.083,5,25,-0.052,0.419,-0.014,0.272,22,0.035,6,0.5,6,0.5,80.8,High,1,0.455,1,2
STU1376,Harish Pillai,25,Mechanical,3,Female,6.417,-0.108,0.315,2,0,53.008,-0.64,0.367,6,3.167,7,38,-0.014,0.448,-0.012,0.253,23,-0.192,6,0.5,4,0.333,73.7,High,1,0.454,1,2
STU1377,Anjali Banerjee,19,Computer Science,1,Male,4.583,-0.031,0.496,1,0,64.175,0.046,0.138,3,2.25,6,27,-0.15,0.586,-0.013,0.382,47,-0.297,2,0.833,3,0.25,39.8,Medium,0,0.176,0,1
STU1378,Leela Agarwal,22,Computer Science,3,Male,5.917,-0.08,0.274,3,0,57.092,-0.74,0.163,6,2.5,7,30,-0.133,0.576,-0.013,0.333,35,0.01,2,0.833,2,0.167,52.9,Medium,1,0.222,0,1
STU1379,Lakshmi Sharma,18,Computer Science,4,Female,6.083,-0.136,0.387,2,0,66.458,-2.597,0.199,5,1.833,4,22,0.105,0.608,-0.005,0.525,49,-0.304,3,0.75,1,0.083,51.6,Medium,0,0.214,0,1
STU1380,Suresh Pillai,24,Business,2,Male,5.917,-0.136,0.404,2,0,67.35,-0.548,0.145,2,2.167,9,26,0.14,0.565,-0.015,0.361,30,-0.189,4,0.667,3,0.25,45.5,Medium,0,0.288,0,1
STU1381,Harish Dubey,18,Computer Science,1,Female,6.333,-0.112,0.389,4,0,68.208,-0.295,0.164,3,1.583,5,19,0.101,0.652,-0.018,0.467,29,0.164,1,0.917,1,0.083,29.7,Low,0,0.188,0,0
STU1382,Nikhil Mehta,23,Business,3,Male,8.25,-0.08,0.254,4,0,77.258,-2.806,0.176,2,1.167,3,14,-0.007,0.746,0.002,0.525,41,-0.304,3,0.75,2,0.167,35.4,Medium,0,0.169,0,1
STU1383,Swati Kumar,23,Electronics,1,Male,4.083,-0.031,0.338,1,0,53.917,-2.367,0.376,9,2.667,7,32,-0.224,0.414,-0.034,0.105,21,0.206,8,0.333,3,0.25,100.0,High,1,0.548,1,2
STU1384,Divya Yadav,20,Mechanical,1,Female,5.0,-0.112,0.418,2,0,62.167,-1.684,0.196,7,2.833,6,34,0.098,0.507,-0.017,0.281,30,0.014,6,0.5,7,0.583,76.6,High,0,0.354,0,2
STU1385,Nikhil Iyer,23,Mechanical,2,Male,6.0,-0.154,0.201,4,0,66.492,-0.87,0.148,4,2.083,6,25,0.059,0.618,-0.013,0.413,34,-0.126,5,0.583,6,0.5,55.1,Medium,0,0.308,0,1
STU1386,Nikhil Agarwal,21,Mechanical,4,Female,3.75,0.066,0.362,2,0,48.35,-1.287,0.27,10,3.167,7,38,-0.035,0.458,-0.022,0.169,19,-0.227,4,0.667,7,0.583,91.4,High,1,0.435,1,2
STU1387,Suresh Mehta,19,Mechanical,1,Other,7.333,-0.343,0.249,3,0,75.192,-0.743,0.116,1,1.167,3,14,0.182,0.722,-0.026,0.464,39,-0.136,2,0.833,3,0.25,24.7,Low,0,0.082,0,0
STU1388,Leela Joshi,19,Mechanical,3,Female,8.167,0.021,0.285,4,0,74.083,-1.557,0.179,1,1.333,4,16,0.007,0.72,0.001,0.571,43,0.059,3,0.75,1,0.083,28.0,Low,0,0.145,0,0
STU1389,Priya Shah,22,Mechanical,3,Female,3.583,0.038,0.42,1,0,54.675,-0.174,0.199,9,2.083,5,25,-0.024,0.533,0.016,0.328,28,-0.133,1,0.917,3,0.25,62.1,High,1,0.262,0,2
STU1390,Siddharth Banerjee,22,Mechanical,4,Male,3.0,-0.007,0.449,1,0,49.4,-0.485,0.275,10,5.667,13,68,-0.217,0.359,0.002,0.123,23,-0.143,6,0.5,9,0.75,100.0,High,1,0.534,1,2
STU1391,Riya Dubey,19,Electronics,3,Male,2.75,-0.185,0.642,0,2,51.992,-0.858,0.138,11,3.5,7,42,0.091,0.38,-0.011,0.097,16,-0.042,7,0.417,7,0.583,100.0,High,1,0.545,1,2
STU1392,Kavya Verma,24,Computer Science,4,Male,3.917,-0.045,0.335,2,0,57.075,-1.826,0.176,8,5.333,9,64,0.196,0.375,-0.003,0.149,20,0.203,4,0.667,4,0.333,87.6,High,1,0.437,0,2
STU1393,Kavya Reddy,22,Civil,3,Female,6.417,-0.087,0.235,4,0,61.917,-0.666,0.155,4,1.833,7,22,0.077,0.603,0.014,0.441,30,0.126,2,0.833,1,0.083,41.6,Medium,0,0.206,0,1
STU1394,Sneha Reddy,20,Business,2,Other,3.833,-0.105,0.398,2,0,56.842,-2.609,0.264,6,4.0,10,48,-0.21,0.403,0.004,0.206,26,-0.084,4,0.667,6,0.5,82.1,High,1,0.459,0,2
STU1395,Sneha Yadav,23,Civil,1,Male,8.5,-0.091,0.263,6,0,77.342,-1.338,0.143,1,0.833,3,10,0.14,0.762,0.002,0.627,50,-0.119,1,0.917,1,0.083,19.1,Low,0,0.097,0,0
STU1396,Nisha Singh,19,Civil,2,Female,3.833,0.119,0.331,1,0,50.492,-0.682,0.221,9,4.583,8,55,-0.29,0.381,-0.001,0.069,14,-0.077,4,0.667,4,0.333,87.9,High,1,0.438,1,2
STU1397,Sunita Singh,25,Computer Science,1,Male,7.75,0.024,0.253,4,0,69.883,-0.545,0.137,1,1.667,5,20,0.154,0.756,-0.007,0.615,42,0.14,3,0.75,1,0.083,28.8,Low,0,0.17,0,0
STU1398,Anjali Das,22,Computer Science,1,Female,6.833,-0.294,0.278,4,0,72.792,-0.972,0.166,2,0.583,2,7,0.052,0.777,0.005,0.641,49,-0.241,2,0.833,1,0.083,25.3,Low,0,0.099,0,0
STU1399,Tanvi Tiwari,19,Computer Science,1,Male,5.917,-0.36,0.283,3,0,67.242,-1.682,0.174,4,2.0,6,24,-0.084,0.662,-0.006,0.525,49,0.101,3,0.75,2,0.167,47.3,Medium,0,0.218,0,1
STU1400,Vikram Das,21,Mechanical,2,Other,6.833,-0.217,0.399,2,0,71.542,-0.736,0.156,2,1.333,6,16,0.063,0.723,-0.002,0.536,39,-0.038,2,0.833,1,0.083,30.3,Medium,0,0.106,0,1
STU1401,Deepak Iyer,18,Electronics,1,Female,6.75,-0.402,0.31,3,0,67.217,-1.08,0.163,4,1.917,6,23,0.206,0.686,-0.018,0.51,51,0.045,2,0.833,4,0.333,44.8,Medium,0,0.163,0,1
STU1402,Amit Tiwari,23,Mechanical,2,Male,6.583,-0.094,0.396,3,0,74.592,-0.028,0.114,1,1.417,5,17,0.115,0.734,-0.01,0.609,44,0.028,0,1.0,1,0.083,15.4,Low,0,0.052,0,0
STU1403,Ananya Sharma,19,Electronics,4,Male,5.75,-0.297,0.333,3,0,64.825,-0.381,0.153,2,2.167,4,26,-0.168,0.546,-0.011,0.332,33,0.073,6,0.5,5,0.417,48.7,Medium,0,0.238,0,1
STU1404,Vikram Gupta,18,Electronics,3,Male,7.5,-0.497,0.324,3,0,78.517,-0.515,0.108,0,0.25,2,3,-0.024,0.786,0.002,0.626,44,0.042,1,0.917,1,0.083,12.0,Low,0,0.057,0,0
STU1405,Neha Bhat,22,Civil,3,Male,7.083,-0.136,0.31,4,0,70.75,-0.863,0.184,2,1.583,5,19,0.038,0.674,0.007,0.575,43,0.003,2,0.833,3,0.25,31.2,Medium,0,0.13,0,1
STU1406,Leela Chatterjee,18,Civil,1,Male,6.917,-0.458,0.42,1,0,73.842,-2.151,0.18,2,0.75,3,9,0.017,0.731,-0.013,0.507,51,-0.171,1,0.917,3,0.25,29.1,Low,0,0.109,0,0
STU1407,Pooja Shah,23,Electronics,2,Female,7.0,0.021,0.251,4,0,77.908,-1.097,0.116,0,1.5,4,18,-0.126,0.722,0.008,0.536,43,0.192,0,1.0,3,0.25,14.0,Low,0,0.064,0,0
STU1408,Anjali Gupta,19,Electronics,3,Female,5.0,-0.189,0.191,4,0,62.617,-0.646,0.134,4,2.917,5,35,0.136,0.516,0.018,0.315,30,-0.336,4,0.667,5,0.417,53.2,Medium,0,0.298,0,1
STU1409,Rajesh Pillai,21,Mechanical,2,Female,7.25,-0.332,0.323,4,0,68.783,-1.607,0.124,2,0.917,3,11,-0.136,0.727,-0.004,0.59,41,0.164,3,0.75,1,0.083,33.5,Medium,0,0.184,0,1
STU1410,Amit Pillai,24,Mechanical,2,Male,8.25,0.136,0.311,5,0,74.983,-1.946,0.161,1,1.167,4,14,-0.042,0.736,-0.007,0.614,43,-0.213,2,0.833,4,0.333,28.3,Low,0,0.092,0,0
STU1411,Harish Verma,22,Civil,1,Female,7.75,-0.08,0.34,3,0,76.108,-0.337,0.169,1,0.75,3,9,-0.045,0.693,0.002,0.536,40,-0.182,2,0.833,0,0.0,18.6,Low,0,0.108,0,0
STU1412,Nikhil Kumar,19,Computer Science,3,Female,8.417,0.024,0.31,4,0,78.825,-1.512,0.142,1,1.083,4,13,0.01,0.732,-0.011,0.477,55,-0.192,0,1.0,2,0.167,18.2,Low,0,0.099,0,0
STU1413,Aarav Reddy,23,Electronics,1,Male,8.417,-0.08,0.334,5,0,80.5,-0.423,0.113,0,0.333,2,4,0.126,0.735,-0.006,0.495,43,-0.094,1,0.917,1,0.083,11.1,Low,0,0.06,0,0
STU1414,Prasad Agarwal,22,Mechanical,1,Female,6.167,-0.182,0.345,2,0,67.425,-0.416,0.142,4,1.75,6,21,-0.01,0.652,-0.015,0.479,45,0.185,2,0.833,2,0.167,39.1,Medium,0,0.12,0,1
STU1415,Aditya Pillai,20,Civil,3,Female,8.583,-0.339,0.356,4,0,79.617,-0.393,0.106,0,0.583,3,7,0.038,0.77,-0.009,0.538,52,-0.238,1,0.917,0,0.0,13.0,Low,0,0.018,0,0
STU1416,Amit Bhat,18,Mechanical,3,Male,4.917,-0.108,0.318,2,0,57.558,-0.507,0.185,7,2.5,6,30,-0.063,0.565,-0.008,0.322,30,-0.007,3,0.75,5,0.417,61.1,High,1,0.302,0,2
STU1417,Rajesh Dubey,24,Electronics,4,Male,6.583,-0.318,0.402,2,0,73.492,-1.174,0.114,1,1.0,3,12,0.007,0.69,-0.01,0.486,33,-0.108,1,0.917,2,0.167,21.6,Low,0,0.078,0,0
STU1418,Pooja Yadav,23,Electronics,4,Female,6.75,-0.416,0.374,3,0,68.967,-2.268,0.192,3,1.25,4,15,-0.052,0.727,0.002,0.565,37,-0.143,5,0.583,4,0.333,51.0,Medium,0,0.325,0,1
STU1419,Priya Shah,20,Business,2,Male,4.75,-0.276,0.371,2,0,56.233,-1.593,0.294,8,4.0,9,48,0.035,0.513,-0.004,0.362,29,-0.073,7,0.417,6,0.5,92.2,High,1,0.441,0,2
STU1420,Rajesh Bhat,25,Computer Science,3,Female,7.25,-0.374,0.368,2,0,76.517,-0.921,0.129,0,1.583,3,19,0.01,0.771,-0.004,0.588,47,0.094,2,0.833,3,0.25,21.9,Low,0,0.092,0,0
STU1421,Kiran Singh,19,Business,4,Female,7.333,-0.161,0.315,3,0,80.1,-1.387,0.147,1,0.667,3,8,-0.021,0.729,-0.005,0.616,52,0.091,3,0.75,3,0.25,27.3,Low,0,0.149,0,0
STU1422,Riya Bhat,21,Civil,2,Female,6.0,-0.126,0.188,4,0,63.275,-0.414,0.114,4,2.5,5,30,0.112,0.606,-0.009,0.493,32,-0.105,4,0.667,5,0.417,50.4,Medium,0,0.185,0,1
STU1423,Ishaan Joshi,22,Mechanical,2,Male,6.417,-0.262,0.458,1,0,69.742,-1.524,0.169,2,1.0,3,12,0.105,0.764,-0.011,0.625,34,0.07,3,0.75,2,0.167,34.8,Medium,0,0.199,0,1
STU1424,Prasad Banerjee,18,Civil,2,Male,6.667,-0.28,0.375,3,0,67.567,-1.557,0.164,3,3.083,6,37,0.262,0.663,-0.001,0.49,36,-0.105,2,0.833,1,0.083,42.5,Medium,0,0.178,0,1
STU1425,Aditya Dubey,22,Electronics,4,Female,5.417,-0.381,0.329,3,0,62.442,-1.56,0.232,6,3.083,6,37,-0.08,0.593,-0.015,0.308,32,0.028,4,0.667,5,0.417,64.4,High,0,0.259,0,2
STU1426,Naveen Iyer,24,Business,3,Female,6.667,0.308,0.334,3,0,74.383,-1.149,0.157,1,0.833,4,10,-0.091,0.754,0.006,0.617,39,0.024,2,0.833,3,0.25,24.0,Low,0,0.095,0,0
STU1427,Girish Chatterjee,19,Business,1,Male,7.083,-0.304,0.452,0,1,79.242,-0.936,0.104,0,1.083,5,13,-0.066,0.794,0.005,0.663,49,-0.234,0,1.0,3,0.25,19.7,Low,0,0.103,0,0
STU1428,Girish Pandey,22,Business,2,Female,5.083,-0.304,0.431,1,0,63.667,-0.169,0.175,7,2.583,6,31,0.143,0.516,0.0,0.4,33,-0.108,4,0.667,2,0.167,60.6,High,0,0.295,0,2
STU1429,Rajesh Rao,18,Civil,4,Female,8.917,-0.388,0.255,5,0,82.1,-0.945,0.138,1,0.167,1,2,-0.021,0.78,-0.009,0.694,49,-0.248,0,1.0,0,0.0,11.4,Low,0,0.0,0,0
STU1430,Nisha Chatterjee,19,Electronics,4,Male,6.833,-0.126,0.185,5,0,67.5,-1.379,0.151,2,0.833,4,10,0.035,0.611,0.013,0.506,40,-0.294,3,0.75,4,0.333,36.1,Medium,0,0.197,0,1
STU1431,Rahul Agarwal,22,Mechanical,1,Male,6.0,-0.175,0.246,3,0,60.508,-0.684,0.165,6,2.417,5,29,-0.024,0.614,-0.017,0.34,38,0.035,4,0.667,7,0.583,60.7,High,0,0.288,0,2
STU1432,Nisha Kumar,21,Mechanical,1,Female,8.5,-0.147,0.303,4,0,81.083,-1.555,0.121,0,0.583,3,7,-0.052,0.773,-0.006,0.659,46,0.203,1,0.917,3,0.25,17.0,Low,0,0.074,0,0
STU1433,Divya Singh,23,Civil,4,Male,4.25,-0.171,0.415,2,0,42.275,0.712,0.269,11,4.5,8,54,0.154,0.42,-0.032,0.203,26,0.056,8,0.333,6,0.5,100.0,High,1,0.528,1,2
STU1434,Ishaan Pillai,19,Business,3,Male,6.333,-0.189,0.296,3,0,68.15,-0.869,0.171,4,1.417,4,17,-0.185,0.679,-0.023,0.448,39,-0.017,3,0.75,3,0.25,41.8,Medium,0,0.228,0,1
STU1435,Geeta Pillai,23,Computer Science,1,Male,8.333,-0.287,0.242,5,0,77.992,0.094,0.098,0,0.333,2,4,0.049,0.755,-0.029,0.501,57,-0.073,0,1.0,0,0.0,5.9,Low,0,0.047,0,0
STU1436,Amit Patel,25,Civil,4,Male,7.833,0.042,0.242,5,0,68.058,-0.005,0.153,3,1.417,3,17,-0.087,0.637,0.003,0.469,37,0.129,0,1.0,3,0.25,22.8,Low,0,0.096,0,0
STU1437,Meera Reddy,19,Civil,1,Female,4.667,-0.231,0.321,2,0,62.817,-2.364,0.224,5,1.417,3,17,0.038,0.594,-0.008,0.357,33,-0.031,3,0.75,6,0.5,54.7,Medium,0,0.255,0,1
STU1438,Tanvi Iyer,21,Electronics,3,Female,7.333,-0.07,0.346,3,0,80.833,-0.995,0.111,0,0.917,3,11,0.017,0.801,0.003,0.6,48,-0.189,0,1.0,2,0.167,12.1,Low,0,0.07,0,0
STU1439,Naveen Joshi,23,Mechanical,2,Male,7.583,-0.003,0.214,6,0,75.017,-1.948,0.136,1,1.25,3,15,0.017,0.732,-0.008,0.538,41,-0.276,2,0.833,1,0.083,24.8,Low,0,0.122,0,0
STU1440,Rajesh Patel,20,Civil,1,Female,6.417,-0.122,0.204,4,0,59.075,-0.878,0.134,7,3.667,10,44,0.007,0.568,-0.006,0.393,32,-0.007,5,0.583,5,0.417,74.2,High,1,0.351,0,2
STU1441,Ananya Mehta,18,Civil,3,Female,4.25,-0.01,0.377,1,0,54.067,-0.401,0.185,8,3.667,8,44,-0.161,0.466,0.005,0.268,20,-0.098,8,0.333,8,0.667,95.6,High,1,0.495,1,2
STU1442,Manoj Tiwari,20,Business,4,Female,6.917,-0.059,0.209,5,0,79.383,-1.748,0.163,1,0.75,3,9,0.017,0.687,-0.019,0.463,51,-0.08,2,0.833,2,0.167,23.8,Low,0,0.119,0,0
STU1443,Amit Tiwari,22,Business,1,Male,4.5,-0.105,0.259,2,0,53.392,-0.686,0.213,9,2.167,7,26,-0.119,0.426,-0.009,0.288,22,-0.343,5,0.583,8,0.667,83.7,High,1,0.484,1,2
STU1444,Ananya Joshi,21,Computer Science,1,Male,9.083,-0.185,0.283,3,0,78.15,-1.214,0.143,0,1.333,5,16,-0.063,0.81,-0.01,0.619,50,-0.021,1,0.917,4,0.333,20.5,Low,0,0.064,0,0
STU1445,Sneha Verma,20,Electronics,4,Other,7.417,0.066,0.266,4,0,65.942,-0.833,0.123,3,1.417,4,17,0.031,0.715,-0.009,0.561,40,-0.175,2,0.833,4,0.333,35.9,Medium,0,0.158,0,1
STU1446,Harish Yadav,19,Computer Science,2,Female,5.333,-0.238,0.292,3,0,55.65,-1.948,0.214,7,3.917,6,47,0.185,0.56,-0.007,0.309,33,0.164,7,0.417,3,0.25,83.4,High,1,0.456,0,2
STU1447,Arjun Dubey,22,Business,4,Male,5.0,-0.077,0.435,1,0,62.942,-1.145,0.158,6,2.083,5,25,0.087,0.607,-0.013,0.323,43,-0.171,7,0.417,4,0.333,71.0,High,1,0.354,0,2
STU1448,Rohan Banerjee,22,Mechanical,1,Male,3.167,-0.098,0.325,2,0,52.433,-0.208,0.165,10,4.75,8,57,-0.052,0.356,-0.005,0.206,23,0.073,10,0.167,9,0.75,100.0,High,1,0.557,1,2
STU1449,Ravi Reddy,20,Business,4,Male,6.333,-0.203,0.358,2,0,69.775,0.205,0.212,2,1.917,3,23,0.073,0.654,-0.009,0.533,41,-0.108,5,0.583,3,0.25,39.3,Medium,0,0.187,0,1
STU1450,Naveen Kumar,25,Electronics,3,Female,6.667,-0.308,0.295,4,0,59.892,-3.779,0.302,7,2.833,8,34,0.42,0.538,0.003,0.351,37,-0.003,5,0.583,3,0.25,79.9,High,1,0.417,0,2
STU1451,Suresh Joshi,20,Business,4,Female,3.417,-0.003,0.422,1,0,52.925,0.2,0.19,10,4.083,8,49,0.031,0.408,-0.002,0.294,17,0.01,5,0.583,5,0.417,90.6,High,1,0.431,1,2
STU1452,Priya Agarwal,25,Electronics,1,Female,7.333,-0.49,0.387,4,0,82.9,-1.96,0.182,1,0.917,4,11,-0.017,0.823,-0.0,0.667,53,-0.017,2,0.833,1,0.083,27.0,Low,0,0.108,0,0
STU1453,Deepak Verma,21,Electronics,4,Male,7.75,-0.199,0.361,4,0,77.567,-1.256,0.149,2,0.5,3,6,0.133,0.751,0.008,0.587,43,0.08,3,0.75,3,0.25,30.9,Medium,0,0.098,0,1
STU1454,Sneha Pillai,18,Electronics,2,Female,7.5,0.063,0.245,4,0,77.15,-2.014,0.184,2,0.667,3,8,0.189,0.763,0.006,0.609,46,-0.021,1,0.917,0,0.0,22.9,Low,0,0.083,0,0
STU1455,Ananya Pandey,20,Electronics,4,Female,5.0,-0.077,0.352,3,0,59.075,-0.3,0.212,6,3.25,7,39,-0.178,0.527,-0.006,0.441,31,-0.094,5,0.583,4,0.333,65.0,High,1,0.319,0,2
STU1456,Harish Yadav,24,Electronics,2,Male,6.75,0.052,0.385,1,0,73.825,-0.868,0.155,1,1.75,4,21,0.199,0.692,0.006,0.52,45,0.22,1,0.917,1,0.083,21.1,Low,0,0.079,0,0
STU1457,Lakshmi Banerjee,25,Mechanical,3,Female,4.333,0.147,0.465,1,0,54.683,-3.581,0.271,6,3.833,8,46,0.028,0.532,-0.008,0.336,29,-0.164,5,0.583,4,0.333,81.4,High,1,0.383,1,2
STU1458,Priya Pillai,20,Computer Science,2,Other,5.083,-0.115,0.308,3,0,56.192,-0.004,0.197,6,1.917,6,23,-0.115,0.472,-0.022,0.228,19,-0.15,5,0.583,7,0.583,65.8,High,1,0.353,0,2
STU1459,Siddharth Reddy,23,Civil,4,Male,9.167,-0.133,0.173,6,0,72.525,-1.316,0.161,1,1.083,3,13,0.115,0.686,-0.003,0.492,52,-0.035,6,0.5,3,0.25,39.1,Medium,0,0.22,0,1
STU1460,Rajesh Banerjee,19,Computer Science,1,Female,7.667,0.301,0.296,4,0,74.325,-0.856,0.132,1,1.25,4,15,-0.101,0.73,-0.004,0.48,49,0.108,1,0.917,2,0.167,19.5,Low,0,0.071,0,0
STU1461,Vikram Joshi,24,Electronics,2,Male,6.417,-0.003,0.329,3,0,69.55,-0.418,0.102,1,1.0,2,12,0.084,0.702,-0.007,0.47,41,0.01,2,0.833,0,0.0,20.0,Low,0,0.091,0,0
STU1462,Rajesh Pandey,24,Mechanical,3,Female,4.917,-0.017,0.237,3,0,56.358,-1.357,0.201,7,3.833,7,46,0.168,0.509,-0.02,0.29,26,-0.014,6,0.5,5,0.417,78.5,High,1,0.377,0,2
STU1463,Sneha Banerjee,25,Business,2,Female,5.833,-0.14,0.317,1,0,63.458,-1.061,0.219,4,1.917,5,23,-0.038,0.66,-0.008,0.478,43,-0.185,3,0.75,4,0.333,47.3,Medium,0,0.256,0,1
STU1464,Varun Sharma,23,Mechanical,2,Female,8.917,0.08,0.232,6,0,76.542,-1.122,0.093,0,0.417,2,5,-0.01,0.784,-0.007,0.663,42,-0.245,0,1.0,1,0.083,9.0,Low,0,0.023,0,0
STU1465,Varun Chatterjee,23,Electronics,2,Female,6.0,-0.098,0.389,3,0,75.708,-0.588,0.176,1,1.5,4,18,0.042,0.691,-0.02,0.458,44,0.021,1,0.917,3,0.25,21.1,Low,0,0.116,0,0
STU1466,Neha Pillai,22,Mechanical,3,Male,3.25,-0.227,0.374,1,0,45.258,-0.8,0.307,10,2.833,7,34,0.119,0.363,-0.016,0.0,14,0.168,7,0.417,4,0.333,100.0,High,1,0.544,1,2
STU1467,Aarav Bhat,25,Mechanical,4,Female,6.75,-0.108,0.317,4,0,69.408,-0.963,0.185,3,1.75,6,21,0.003,0.621,-0.01,0.426,32,0.091,4,0.667,2,0.167,43.0,Medium,0,0.197,0,1
STU1468,Lakshmi Mehta,18,Electronics,2,Female,2.917,-0.017,0.342,1,0,51.908,-0.653,0.264,8,4.583,11,55,0.038,0.272,-0.002,0.0,13,-0.059,7,0.417,6,0.5,100.0,High,1,0.594,1,2
STU1469,Siddharth Kumar,19,Mechanical,2,Male,7.667,-0.238,0.245,5,0,73.55,-0.283,0.092,0,0.833,2,10,0.028,0.755,-0.009,0.589,40,-0.021,1,0.917,5,0.417,15.3,Low,0,0.063,0,0
STU1470,Rahul Verma,21,Civil,1,Female,6.833,0.098,0.346,4,0,76.85,-1.085,0.11,0,0.583,4,7,0.08,0.773,-0.004,0.622,41,-0.003,3,0.75,0,0.0,21.0,Low,0,0.104,0,0
STU1471,Rohan Sharma,24,Civil,3,Female,4.75,0.017,0.382,1,0,54.358,-0.909,0.21,8,3.417,6,41,-0.115,0.54,-0.002,0.343,37,-0.164,4,0.667,6,0.5,74.0,High,1,0.347,1,2
STU1472,Ananya Das,21,Mechanical,2,Male,7.333,-0.028,0.404,0,1,72.95,-1.477,0.122,1,1.583,4,19,0.171,0.633,-0.006,0.436,39,-0.094,1,0.917,1,0.083,26.4,Low,0,0.153,0,0
STU1473,Divya Mehta,20,Business,3,Female,7.417,-0.073,0.404,2,0,69.967,-1.913,0.156,3,1.917,5,23,-0.038,0.679,-0.008,0.577,52,-0.336,3,0.75,2,0.167,42.7,Medium,0,0.197,0,1
STU1474,Riya Iyer,20,Electronics,2,Female,5.083,-0.206,0.463,2,0,61.325,-0.67,0.225,7,4.583,8,55,-0.024,0.498,-0.013,0.344,26,-0.119,2,0.833,5,0.417,64.0,High,0,0.291,0,2
STU1475,Priya Shah,21,Civil,4,Male,4.667,-0.238,0.412,1,0,63.133,-0.808,0.234,5,3.333,8,40,0.161,0.488,0.014,0.304,30,-0.154,2,0.833,5,0.417,55.9,Medium,0,0.277,0,1
STU1476,Pallavi Patel,20,Business,4,Other,4.75,0.045,0.313,3,0,61.558,-2.334,0.214,5,2.167,5,26,0.287,0.525,-0.017,0.274,28,0.07,4,0.667,4,0.333,60.5,High,0,0.306,0,2
STU1477,Varun Sharma,18,Mechanical,2,Male,4.25,-0.017,0.248,3,0,55.833,0.449,0.202,8,4.5,9,54,0.021,0.44,-0.016,0.217,18,0.168,5,0.583,8,0.667,83.7,High,1,0.385,0,2
STU1478,Naveen Gupta,23,Business,4,Male,6.0,-0.133,0.383,3,0,69.733,-1.458,0.152,2,1.667,4,20,0.182,0.637,-0.014,0.441,34,-0.098,1,0.917,6,0.5,33.0,Medium,0,0.145,0,1
STU1479,Nikhil Gupta,20,Computer Science,2,Male,5.0,0.154,0.391,2,0,62.25,-2.271,0.21,5,3.417,10,41,-0.465,0.607,-0.017,0.392,31,-0.003,2,0.833,2,0.167,57.1,Medium,0,0.286,0,1
STU1480,Siddharth Pillai,22,Civil,4,Female,3.333,-0.063,0.322,2,0,47.017,0.325,0.222,11,5.583,12,67,0.059,0.396,-0.014,0.224,17,-0.087,4,0.667,7,0.583,100.0,High,1,0.518,1,2
STU1481,Suresh Joshi,20,Mechanical,1,Female,3.833,-0.091,0.349,2,0,54.975,0.569,0.249,7,4.917,12,59,-0.185,0.435,-0.01,0.176,30,0.105,4,0.667,6,0.5,81.6,High,1,0.405,1,2
STU1482,Prasad Chatterjee,19,Electronics,1,Male,5.667,-0.14,0.242,3,0,65.617,-1.487,0.161,4,2.75,6,33,0.248,0.51,-0.018,0.342,36,-0.049,3,0.75,5,0.417,51.6,Medium,0,0.221,0,1
STU1483,Vikram Rao,18,Mechanical,1,Male,4.917,-0.248,0.463,1,0,64.358,-1.478,0.206,4,2.333,5,28,0.056,0.553,-0.018,0.4,27,-0.073,4,0.667,2,0.167,52.3,Medium,0,0.287,0,1
STU1484,Pooja Tiwari,19,Electronics,3,Female,3.083,0.136,0.402,1,0,52.142,-1.246,0.131,11,3.667,9,44,-0.154,0.376,-0.013,0.201,25,0.017,7,0.417,5,0.417,100.0,High,1,0.475,1,2
STU1485,Siddharth Gupta,19,Mechanical,3,Male,2.75,-0.052,0.351,1,0,38.283,-0.934,0.205,12,4.583,9,55,0.031,0.254,-0.006,0.0,12,-0.021,11,0.083,9,0.75,100.0,High,1,0.712,1,2
STU1486,Leela Rao,22,Business,1,Female,6.417,-0.045,0.412,2,0,72.725,0.418,0.112,1,2.167,5,26,0.14,0.692,0.003,0.43,38,-0.049,1,0.917,2,0.167,21.9,Low,0,0.128,0,0
STU1487,Prasad Singh,18,Business,3,Female,4.833,-0.147,0.277,2,0,59.367,-0.675,0.133,6,3.833,9,46,-0.105,0.534,0.005,0.397,28,-0.049,3,0.75,4,0.333,62.4,High,1,0.264,0,2
STU1488,Aarav Reddy,18,Business,4,Female,5.917,-0.143,0.264,4,0,64.642,-2.309,0.212,4,2.083,4,25,-0.045,0.555,-0.001,0.355,39,0.122,7,0.417,6,0.5,65.9,High,1,0.352,0,2
STU1489,Amit Reddy,25,Computer Science,2,Other,6.75,-0.178,0.29,4,0,75.25,-0.021,0.128,1,0.833,2,10,0.014,0.709,0.001,0.474,51,0.101,2,0.833,3,0.25,18.9,Low,0,0.037,0,0
STU1490,Siddharth Gupta,18,Electronics,2,Male,7.833,0.14,0.277,4,0,83.15,-0.54,0.104,0,0.917,3,11,-0.017,0.787,-0.012,0.555,52,-0.021,0,1.0,1,0.083,8.9,Low,0,0.025,0,0
STU1491,Naveen Bhat,18,Business,2,Other,5.833,-0.182,0.205,4,0,68.192,-0.537,0.151,4,2.667,8,32,-0.084,0.59,-0.011,0.372,40,-0.217,2,0.833,2,0.167,42.9,Medium,0,0.167,0,1
STU1492,Harish Singh,18,Computer Science,1,Female,7.583,0.017,0.325,3,0,75.5,-1.575,0.177,2,1.333,4,16,0.0,0.76,-0.004,0.622,46,-0.014,1,0.917,4,0.333,26.9,Low,0,0.058,0,0
STU1493,Shreya Mehta,22,Electronics,3,Female,7.25,-0.367,0.404,2,0,76.492,-1.55,0.121,0,1.25,3,15,-0.192,0.741,0.016,0.535,45,-0.059,1,0.917,3,0.25,19.8,Low,0,0.084,0,0
STU1494,Vikram Banerjee,20,Mechanical,4,Male,4.25,-0.073,0.415,1,0,59.542,-2.163,0.274,7,3.667,6,44,0.084,0.484,0.004,0.284,27,0.171,5,0.583,7,0.583,79.3,High,1,0.427,0,2
STU1495,Pooja Kumar,25,Computer Science,4,Female,2.917,-0.08,0.342,1,0,45.533,-0.947,0.232,11,3.583,10,43,0.29,0.274,-0.021,0.052,21,0.052,6,0.5,5,0.417,100.0,High,1,0.595,1,2
STU1496,Nisha Shah,19,Civil,1,Male,5.417,-0.549,0.525,2,0,63.35,-1.125,0.168,4,2.25,4,27,0.017,0.598,-0.005,0.425,41,0.017,4,0.667,2,0.167,51.2,Medium,0,0.247,0,1
STU1497,Nisha Das,18,Computer Science,4,Male,5.417,-0.339,0.373,2,0,62.35,-1.196,0.175,4,2.5,7,30,0.098,0.563,-0.006,0.386,35,-0.094,4,0.667,6,0.5,57.6,Medium,0,0.326,0,1
STU1498,Pallavi Reddy,24,Computer Science,4,Male,5.083,-0.045,0.406,1,0,56.125,-0.786,0.218,7,4.75,8,57,0.143,0.451,-0.006,0.238,38,0.07,6,0.5,6,0.5,82.4,High,1,0.453,0,2
STU1499,Girish Reddy,20,Electronics,4,Female,4.333,-0.154,0.301,1,0,48.0,-0.867,0.191,11,3.5,7,42,-0.091,0.386,-0.008,0.136,31,0.038,6,0.5,4,0.333,98.4,High,1,0.581,1,2
